Date,Open,High,Low,Close,Volume,NumberOfTrades,Sentiment,SampleSize,SentimentClass,SentimentRegime
01-Jan-2018,13715.65,13818.55,12750,13380,8609.915844,105595,0.250099480103979,5001,Positive,1
02-Jan-2018,13382.16,15473.49,12890.02,14675.11,20078.092111,177728,0.228491490658002,4924,Neutral,0
03-Jan-2018,14690,15307.56,14150,14919.51,15905.667639,162787,0.217473154941735,4634,Neutral,0
04-Jan-2018,14919.51,15280,13918.04,15059.54,21329.649574,170310,0.186253570100409,5378,Negative,-1
05-Jan-2018,15059.56,17176.24,14600,16960.39,23251.491125,192969,0.223695170984456,4825,Neutral,0
06-Jan-2018,16960.39,17143.13,16011.21,17069.79,18571.457508,158242,0.265162197717161,5169,Positive,1
07-Jan-2018,17069.79,17099.96,15610,16150.03,12493.125558,120269,0.245769784026079,4908,Positive,1
08-Jan-2018,16218.85,16322.3,12812,14902.54,26600.609912,208642,0.208523362696285,5222,Negative,-1
09-Jan-2018,14902.54,15500,14011.05,14400,14315.004253,156656,0.195042815249265,5115,Negative,-1
10-Jan-2018,14401,14955.66,13131.31,14907.09,17411.001655,161476,0.186822627876021,5259,Negative,-1
11-Jan-2018,14940,14968.68,11400,13238.78,33554.723751,239416,0.184931591448931,5052,Negative,-1
12-Jan-2018,13238.76,14109.78,12500,13740.01,16417.162137,134452,0.219423463687151,5191,Neutral,0
13-Jan-2018,13749.95,14580,13706.15,14210,12221.508528,123639,0.234877462834488,5045,Neutral,0
14-Jan-2018,14210,14339.5,12569.2,13474.99,17017.894329,152364,0.184905822586949,5118,Negative,-1
15-Jan-2018,13477.98,14249.99,13147.79,13539.93,14652.094705,145362,0.202118423626051,5113,Negative,-1
16-Jan-2018,13500,13542.93,9035,10900,63401.169175,418243,0.153524363932425,4913,Negative,-1
17-Jan-2018,10899.99,11680.99,9037.94,10988.79,72331.796646,517293,0.181482234241731,4807,Negative,-1
18-Jan-2018,10972.59,11878.82,10435.33,10961.97,48464.434937,393112,0.197991713709679,4960,Negative,-1
19-Jan-2018,10960,11795,10360,11474.98,34129.375421,273271,0.178933470266041,5112,Negative,-1
20-Jan-2018,11474.98,13099,11412.45,12799.94,28768.857827,251647,0.254212836519705,5126,Positive,1
21-Jan-2018,12799.8,12799.8,10965,11530,41379.773426,360207,0.268486958219443,5122,Positive,1
22-Jan-2018,11530,11926.35,9900.24,10760.05,43752.606791,363264,0.184382109997956,4891,Negative,-1
23-Jan-2018,10760.05,11399,9905,10799.18,37473.922552,355286,0.232709786106379,5283,Neutral,0
24-Jan-2018,10799.14,11570.48,10500,11349.99,27158.587762,293429,0.249533871602995,5078,Positive,1
25-Jan-2018,11349.96,11794.05,10950.21,11175.27,20839.954183,221040,0.258383646112601,5222,Positive,1
26-Jan-2018,11184.7,11643,10311.15,11089,33056.87196,314720,0.226649005318102,5077,Neutral,0
27-Jan-2018,11089,11650,10842.69,11491,18860.768345,207478,0.279503124353404,4833,Positive,1
28-Jan-2018,11499.98,12244,11408,11879.95,16887.339524,206247,0.25753833266853,5014,Positive,1
29-Jan-2018,11879.95,11975.02,11139.55,11251,14170.377538,169199,0.232000516635669,4839,Neutral,0
30-Jan-2018,11250.11,11308.42,9900,10237.51,25554.372946,259212,0.184689995949779,4938,Negative,-1
31-Jan-2018,10230,10425.85,9700,10285.1,18015.956805,201422,0.182177215967248,4885,Negative,-1
01-Feb-2018,10285.1,10335,8750.99,9224.52,33564.764311,316020,0.204761893112534,5314,Negative,-1
02-Feb-2018,9224.52,9250,8010.02,8873.03,49971.626975,453411,0.165859300377043,4774,Negative,-1
03-Feb-2018,8873.03,9473.01,8229,9199.96,28725.000735,327519,0.222111261352169,4955,Neutral,0
04-Feb-2018,9199.96,9368,7930,8184.81,32014.308449,356134,0.206245376102041,5331,Negative,-1
05-Feb-2018,8179.99,8382.8,6625,6939.99,63403.182579,533510,0.0446028755760375,5425,Negative,-1
06-Feb-2018,6939.63,7878,6000.01,7652.14,100201.500307,785996,0.193580350084699,5313,Negative,-1
07-Feb-2018,7655.02,8476,7150.01,7599,60778.460497,514893,0.206308104738153,4812,Negative,-1
08-Feb-2018,7599,7844,7572.09,7784.02,1521.537318,12417,0.207364120922833,5028,Negative,-1
09-Feb-2018,7789.9,8738,7789.9,8683.92,20482.910825,273091,0.189911670930919,5081,Negative,-1
10-Feb-2018,8683.93,9065.78,8120,8533.98,49381.512653,537578,0.18895871047737,4839,Negative,-1
11-Feb-2018,8533.99,8549,7726.53,8063.88,45025.187952,524626,0.240190313272876,4852,Neutral,0
12-Feb-2018,8063.82,8989,8053,8903,41987.85049,477660,0.234665993472051,4902,Neutral,0
13-Feb-2018,8903,8950,8351,8539.9,35454.972956,401893,0.214761333077216,5206,Neutral,0
14-Feb-2018,8535.17,9489.6,8533,9449.99,40811.952867,514897,0.257710508338356,4977,Positive,1
15-Feb-2018,9449.98,10219.5,9301.5,10000.09,52427.596715,608349,0.234593204275054,4959,Neutral,0
16-Feb-2018,10000.89,10323.37,9666,10159.98,38161.205974,405310,0.244232575757576,4620,Positive,1
17-Feb-2018,10156.07,11075.07,10050,11039.55,41882.108407,413585,0.255128697109343,4774,Positive,1
18-Feb-2018,11039.55,11274,10080,10383.43,61137.380728,537534,0.172803548770817,5044,Negative,-1
19-Feb-2018,10375.01,11250,10270.33,11153,40831.417131,366882,0.227432100474682,5056,Neutral,0
20-Feb-2018,11147.11,11786.01,11100.59,11200.99,48153.354288,432197,0.218009223107568,5020,Neutral,0
21-Feb-2018,11195.07,11304.03,10200,10437.6,68113.818754,542340,0.172841628873773,5292,Negative,-1
22-Feb-2018,10439.02,10933.44,9679,9811.04,67060.166483,506273,0.258709654207476,5003,Positive,1
23-Feb-2018,9815.55,10435,9570.19,10131.04,57202.70237,467480,0.288325208416037,5038,Positive,1
24-Feb-2018,10131.04,10496.97,9352,9694.51,40888.156299,337918,0.300664071977357,4946,Positive,1
25-Feb-2018,9694.51,9847,9274.8,9590,28373.517586,233567,0.307652600818236,5133,Positive,1
26-Feb-2018,9590,10444.32,9350,10324,34878.292756,285276,0.253411447876448,5180,Positive,1
27-Feb-2018,10321,10870,10121,10569.04,30705.385123,240542,0.274239953943582,5211,Positive,1
28-Feb-2018,10584.33,11098,10300,10326.76,30800.983782,277886,0.245575380388841,4732,Positive,1
01-Mar-2018,10325.64,11060.41,10240,10920,25092.55393,230428,0.284554449027698,5091,Positive,1
02-Mar-2018,10923.36,11200,10770,11039,23910.71009,211691,0.201042874039029,5073,Negative,-1
03-Mar-2018,11038.99,11544,11015.01,11464.48,21287.15328,190444,0.257515973971452,4764,Positive,1
04-Mar-2018,11464.47,11565,11050.02,11515,17295.918653,168359,0.266310446247466,4930,Positive,1
05-Mar-2018,11515,11710,11415.01,11454,15144.231063,164318,0.232614271047228,4870,Neutral,0
06-Mar-2018,11455,11455,10555.48,10716.48,29515.572363,250306,0.225660149767254,4941,Neutral,0
07-Mar-2018,10716.48,10899,9389.31,9910,50647.67108,396721,0.180509423233142,4924,Negative,-1
08-Mar-2018,9910,10099,9060,9271.64,41109.473226,336514,0.215010578643865,5029,Neutral,0
09-Mar-2018,9267.07,9410,8329,9227,64112.291407,462712,0.220119190705128,4992,Neutral,0
10-Mar-2018,9230,9490,8667.07,8770.22,37180.012857,288066,0.21897106683271,4818,Neutral,0
11-Mar-2018,8770.22,9740,8450,9533.57,44325.973386,333367,0.241543745949449,4629,Neutral,0
12-Mar-2018,9533.57,9888.88,8780,9131.34,42230.77793,336642,0.208535750586395,5116,Negative,-1
13-Mar-2018,9131.34,9474,8823,9150,40191.409358,342734,0.280525222613377,4829,Positive,1
14-Mar-2018,9151.92,9333.78,7900.28,8170,49708.094108,399127,0.18782068131425,4961,Negative,-1
15-Mar-2018,8184.01,8430,7650,8240.98,52291.022277,400529,0.226069454317375,4783,Neutral,0
16-Mar-2018,8240.98,8611.64,7900,8260,38815.409893,255807,0.211187402897334,4763,Negative,-1
17-Mar-2018,8260,8348.62,7721.99,7824.8,33110.206329,292041,0.236660904822877,4686,Neutral,0
18-Mar-2018,7824.01,8317.4,7322,8189.99,59488.231711,423336,0.217259667828583,4877,Neutral,0
19-Mar-2018,8189,8705.23,8088.4,8600,55297.084942,360414,0.250996538936959,4854,Positive,1
20-Mar-2018,8595.01,9050,8280,8909.98,44865.105835,298261,0.215922502564103,4875,Neutral,0
21-Mar-2018,8909.96,9177.01,8750.6,8885,39972.405371,293696,0.231691697297297,4625,Neutral,0
22-Mar-2018,8884.82,9100,8465.1,8722.9,40617.556809,276449,0.235465390342481,4701,Neutral,0
23-Mar-2018,8720,8909,8269,8898.03,39991.007666,278571,0.263478941753784,4687,Positive,1
24-Mar-2018,8898.04,8999.95,8491,8546.86,35466.609572,270300,0.262616757493187,4404,Positive,1
25-Mar-2018,8531.25,8669.85,8365.77,8470.15,29001.769316,215660,0.282811266022037,4447,Positive,1
26-Mar-2018,8470.14,8514.89,7831,8134.23,44033.59566,310462,0.221936348302762,4743,Neutral,0
27-Mar-2018,8134.22,8215.94,7730,7795.51,37427.64805,266540,0.281476292841208,4931,Positive,1
28-Mar-2018,7795.51,8109,7728,7949.3,26401.33167,183620,0.302315738845684,4886,Positive,1
29-Mar-2018,7949.3,7975,6941.11,7090.14,54620.915125,359537,0.194790965920548,4959,Negative,-1
30-Mar-2018,7090.16,7292.43,6600.1,6840.23,65306.031976,400057,0.228817827476039,4695,Neutral,0
31-Mar-2018,6840.24,7223.36,6777,6923.91,36868.539087,240293,0.230531585466556,4844,Neutral,0
01-Apr-2018,6922,7049.98,6430,6813.01,44071.430463,260942,0.242166212121212,4620,Neutral,0
02-Apr-2018,6813.01,7125,6765,7056,32123.560072,206780,0.227172184412734,4555,Neutral,0
03-Apr-2018,7063.97,7520,7011.01,7405.21,37787.331811,248143,0.201030914962325,4645,Negative,-1
04-Apr-2018,7405.21,7427.52,6707,6796.1,42227.183804,277249,0.210066585419898,4513,Negative,-1
05-Apr-2018,6796.1,6902,6566.69,6770.76,39029.73146,238476,0.18898574441164,4742,Negative,-1
06-Apr-2018,6770,6850,6500,6601.39,27455.01192,162456,0.227177091847708,4649,Neutral,0
07-Apr-2018,6601.39,7070,6586.28,6895.8,32269.578267,178577,0.236662635264163,4713,Neutral,0
08-Apr-2018,6895.81,7109.13,6880,7018,21427.673165,152461,0.204633787583819,4623,Negative,-1
09-Apr-2018,7011.04,7185,6611,6782.72,34078.297206,212669,0.178766012244035,4737,Negative,-1
10-Apr-2018,6781.55,6890,6656,6843.9,22326.728095,147755,0.221048484848485,4521,Neutral,0
11-Apr-2018,6839.56,6990,6787,6953.79,23997.871177,155607,0.214315961622329,4586,Neutral,0
12-Apr-2018,6953.78,8012.23,6743.2,7923,64861.595987,404588,0.254984156913741,4614,Positive,1
13-Apr-2018,7922.99,8233.39,7732,7877.41,55044.523148,351905,0.239558664299977,4507,Neutral,0
14-Apr-2018,7877.48,8186,7810,7999.01,31621.286357,194500,0.307447886737453,4803,Positive,1
15-Apr-2018,8004,8429.54,7999.02,8355,27946.720444,181778,0.291013893728224,4592,Positive,1
16-Apr-2018,8355.07,8419,7867,8064.92,36664.069715,226748,0.264331960996749,4615,Positive,1
17-Apr-2018,8064.92,8173.7,7825.4,7885.02,32152.603567,221228,0.199907375537799,4881,Negative,-1
18-Apr-2018,7890.96,8236.43,7868,8173,26969.04457,183472,0.174243144278607,5025,Negative,-1
19-Apr-2018,8173.99,8296,8080,8278,27113.847464,196821,0.245921584460934,4582,Positive,1
20-Apr-2018,8273.84,8930,8177.09,8856.98,39795.337485,289687,0.260573813708261,4552,Positive,1
21-Apr-2018,8852.12,9035,8565,8915.31,40872.229909,295374,0.27540313174946,4630,Positive,1
22-Apr-2018,8915.31,9020.67,8727.68,8787.02,29458.25348,229871,0.27750174778761,4520,Positive,1
23-Apr-2018,8785.7,8985,8745,8934.01,25838.114709,190944,0.218633665609425,4414,Neutral,0
24-Apr-2018,8934,9731.01,8922,9619.99,46268.790106,326608,0.223732943143814,4784,Neutral,0
25-Apr-2018,9618.96,9759.82,8730,8869.99,81110.037589,477363,0.204002943741823,4586,Negative,-1
26-Apr-2018,8869.99,9307.48,8651.62,9266,43300.304245,285850,0.241789417412175,4583,Neutral,0
27-Apr-2018,9267.03,9395,8889,8915.35,37241.347036,268471,0.248711860854987,4772,Positive,1
28-Apr-2018,8915.35,9427.48,8870,9348,34759.62842,257288,0.284050419987079,4643,Positive,1
29-Apr-2018,9348,9570.51,9163.74,9419,38149.850035,311494,0.271791548373007,4579,Positive,1
30-Apr-2018,9417.04,9458.64,9124.99,9246.01,35002.033875,285951,0.252353768144758,5029,Positive,1
01-May-2018,9246.01,9248.99,8800.49,9071.48,41018.463633,268741,0.26123530595813,4968,Positive,1
02-May-2018,9071.48,9268,8970.2,9247.84,26123.543961,188258,0.266472379888268,4475,Positive,1
03-May-2018,9247.81,9844,9168.4,9750,38768.388288,282581,0.255943362049922,4527,Positive,1
04-May-2018,9750,9830.04,9520.85,9713.99,28681.588879,210165,0.219743557279966,4897,Neutral,0
05-May-2018,9714,10020,9682,9864,24990.018345,212076,0.211467957166392,4856,Negative,-1
06-May-2018,9863.99,9970,9417.03,9659.01,27690.351559,229309,0.224176628521126,4544,Neutral,0
07-May-2018,9661.02,9689.67,9181,9365,33787.640012,230754,0.162660805480589,4817,Negative,-1
08-May-2018,9365,9475.7,9060.54,9187.56,25533.831889,189159,0.23478909887071,4339,Neutral,0
09-May-2018,9178,9390,8965,9310,25673.524899,192337,0.256940699011268,4349,Positive,1
10-May-2018,9310,9395.12,8970,9002.2,25055.063718,221075,0.254611481888037,4555,Positive,1
11-May-2018,9002.21,9016.8,8341,8400,48227.048061,365538,0.208262958115185,4584,Negative,-1
12-May-2018,8405.94,8646.88,8153,8465.94,40241.32081,310305,0.239216485582949,4786,Neutral,0
13-May-2018,8475.44,8763.36,8298,8679.71,25632.869362,215590,0.304855004152825,4816,Positive,1
14-May-2018,8679.71,8879.99,8277,8663.34,37389.666533,292731,0.26310517979452,4672,Positive,1
15-May-2018,8663.37,8859.99,8401.3,8462,28126.956136,360379,0.242605607476636,4708,Neutral,0
16-May-2018,8462,8488,8083.01,8330,31130.718908,300842,0.247866259168703,4908,Positive,1
17-May-2018,8330,8464,7979,8041.46,25439.844799,310780,0.216087186036612,4698,Neutral,0
18-May-2018,8038.82,8273.21,7911.9,8239.81,23476.158251,183913,0.253609017746596,4846,Positive,1
19-May-2018,8238.01,8390.8,8095.73,8233.49,17193.424276,134185,0.249382047901559,4551,Positive,1
20-May-2018,8233.49,8609,8163.9,8526.98,19957.057109,161265,0.283315981077744,4862,Positive,1
21-May-2018,8526.97,8595.31,8305,8381.24,21516.596486,184158,0.226619496855346,4770,Neutral,0
22-May-2018,8386.89,8400.18,7935.11,7977.11,23710.902858,192154,0.263686862193652,4978,Positive,1
23-May-2018,7977.12,8031.9,7425,7501.95,42910.666774,306812,0.23418830973831,4662,Neutral,0
24-May-2018,7501.95,7730.73,7266.99,7575.01,37845.446595,253694,0.170010562357335,4819,Negative,-1
25-May-2018,7578.99,7649.55,7308.15,7457,26739.95664,239025,0.217325136501517,4945,Neutral,0
26-May-2018,7456.99,7620,7300,7333.96,19464.086071,212344,0.24829682670513,4853,Positive,1
27-May-2018,7334,7400,7231.11,7338.99,18706.945515,198341,0.258405260969016,4809,Positive,1
28-May-2018,7338.99,7437,7058.02,7099,27219.438963,233392,0.207568418865572,4813,Negative,-1
29-May-2018,7099,7540,7032.95,7461.29,39407.21183,237359,0.20675567136726,4893,Negative,-1
30-May-2018,7467.98,7569,7260.5,7375.96,32041.583623,242079,0.247528577302633,4864,Positive,1
31-May-2018,7382.07,7699,7327.51,7485.01,30776.063102,274399,0.28459946633826,4872,Positive,1
01-Jun-2018,7485.01,7608.55,7355.54,7521.01,28259.124078,303069,0.282900327399221,4887,Positive,1
02-Jun-2018,7521.01,7697.33,7437,7640.03,26720.690219,290131,0.283365648526566,4649,Positive,1
03-Jun-2018,7636.81,7786.69,7600,7714.26,27505.158951,349636,0.261266333541538,4803,Positive,1
04-Jun-2018,7714.26,7760.52,7446.5,7487,32258.835115,307003,0.269910431034484,4640,Positive,1
05-Jun-2018,7487,7679.49,7358,7625,31722.973384,236865,0.2530622406639,4579,Positive,1
06-Jun-2018,7626.64,7699,7467.05,7658.84,27229.991898,257573,0.255183405265431,4634,Positive,1
07-Jun-2018,7658.79,7765,7620,7691.08,25062.227202,244186,0.275001965246173,4834,Positive,1
08-Jun-2018,7691.08,7703.5,7531,7603.44,23396.804671,321734,0.255779123711339,4656,Positive,1
09-Jun-2018,7603.44,7683.98,7450,7491.73,19339.885176,278971,0.247580969000206,4871,Positive,1
10-Jun-2018,7491.73,7491.73,6622.81,6764.99,52342.020032,471088,0.186962566516579,4886,Negative,-1
11-Jun-2018,6765,6922,6610,6872,34552.162303,203442,0.168344280660377,5088,Negative,-1
12-Jun-2018,6872,6890.51,6435,6530,36722.211191,224658,0.178883969163867,5059,Negative,-1
13-Jun-2018,6530,6627.6,6118.68,6292.78,46185.5181,266517,0.161346280511429,5162,Negative,-1
14-Jun-2018,6292.78,6720,6260,6635.98,44478.130837,256384,0.208541683247116,5026,Negative,-1
15-Jun-2018,6638.67,6666.66,6362.31,6388.9,30018.329905,184938,0.247492359645421,4738,Positive,1
16-Jun-2018,6380.01,6560,6320.86,6483.98,22277.241147,140470,0.215832759353742,4704,Neutral,0
17-Jun-2018,6482.5,6589.03,6422,6449.61,19847.247688,129759,0.273693966977138,4724,Positive,1
18-Jun-2018,6444.06,6794.38,6380,6712.46,31821.434995,180773,0.257909309245483,4705,Positive,1
19-Jun-2018,6711.39,6841.74,6653,6741.21,24311.421143,160490,0.240609172399416,4797,Neutral,0
20-Jun-2018,6740,6817.23,6551.81,6761.51,26359.752452,166074,0.255267534903104,4799,Positive,1
21-Jun-2018,6763.21,6795,6672.57,6718.84,25428.854048,159783,0.257369723668402,4994,Positive,1
22-Jun-2018,6717.69,6733.97,5918.94,6045,52157.370833,300515,0.119690415079206,4987,Negative,-1
23-Jun-2018,6045.92,6260,6008.48,6149.98,26622.788589,170164,0.249317251939566,4898,Positive,1
24-Jun-2018,6149.98,6259.8,5750,6136.97,47445.998955,275996,0.220257796852645,4893,Neutral,0
25-Jun-2018,6137.95,6350,6061.97,6252,39164.515306,218384,0.180506957896817,5059,Negative,-1
26-Jun-2018,6252,6272.54,6035,6070.78,19377.240484,113431,0.230603941908714,4820,Neutral,0
27-Jun-2018,6065.89,6190.43,5971,6133.73,19225.671098,99481,0.249756344179951,4579,Positive,1
28-Jun-2018,6134.73,6173.01,5827,5853.98,30585.266026,156241,0.245370471359121,4731,Positive,1
29-Jun-2018,5851.01,6300,5780,6197.92,33911.287278,212542,0.197585513626834,4770,Negative,-1
30-Jun-2018,6197.92,6528.99,6186.03,6390.07,37919.61284,230915,0.279148433228179,4755,Positive,1
01-Jul-2018,6391.08,6441.06,6251,6356.81,27562.965974,183060,0.246644569939183,4604,Positive,1
02-Jul-2018,6360.82,6685,6271.62,6615.29,36230.452264,242589,0.207615337557352,4577,Negative,-1
03-Jul-2018,6615.29,6679.35,6463.01,6513.86,38657.781691,232914,0.270993604016587,4581,Positive,1
04-Jul-2018,6511.01,6784.92,6441.11,6586.98,23571.892777,146203,0.300825449364309,4562,Positive,1
05-Jul-2018,6585.53,6712,6453.33,6529.2,35071.972898,216533,0.231045999577791,4737,Neutral,0
06-Jul-2018,6529.2,6648.54,6425,6609.78,29397.094748,193854,0.277717163524769,4562,Positive,1
07-Jul-2018,6609.79,6818.16,6508.88,6756.98,23973.876886,145449,0.260807848155256,4689,Positive,1
08-Jul-2018,6753.48,6780,6667.44,6712.1,24622.947794,145349,0.286853874781084,4568,Positive,1
09-Jul-2018,6712.1,6802.06,6612.24,6662.12,26732.40655,147315,0.262957004219408,4740,Positive,1
10-Jul-2018,6662.78,6681,6263,6296.91,38560.672702,189913,0.209762533251483,4887,Negative,-1
11-Jul-2018,6296.91,6406,6278.99,6378.07,28715.498487,151869,0.234877729636049,4616,Neutral,0
12-Jul-2018,6378.07,6380.28,6070,6250.57,31306.663348,150985,0.251098254576415,4698,Positive,1
13-Jul-2018,6251.4,6350,6110,6214.57,26375.325286,144757,0.197147599039616,4998,Negative,-1
14-Jul-2018,6214.57,6335,6178,6251.99,17783.071999,108052,0.263421932224791,4751,Positive,1
15-Jul-2018,6250.9,6395,6225.4,6353.01,22979.211508,114997,0.281256326619963,4568,Positive,1
16-Jul-2018,6354.15,6747.3,6330.4,6723.35,36204.87708,201733,0.245121760443306,4692,Positive,1
17-Jul-2018,6723.33,7468.99,6652.04,7317.44,52105.423459,276178,0.293729653964082,4566,Positive,1
18-Jul-2018,7317.44,7588.08,7225.38,7381.9,59487.64345,327949,0.240468385317207,4713,Neutral,0
19-Jul-2018,7381.88,7576.28,7270,7466.21,41218.256437,235597,0.29636347079757,4777,Positive,1
20-Jul-2018,7468.86,7700,7273,7337.53,46140.313447,251391,0.258560077440392,4907,Positive,1
21-Jul-2018,7337.47,7458.47,7211,7398.78,28886.490291,164901,0.294473809015168,4681,Positive,1
22-Jul-2018,7399.25,7582.4,7335.5,7394.79,30270.21844,144711,0.261190981489453,4646,Positive,1
23-Jul-2018,7394.78,7833,7375,7721.01,41646.346671,219776,0.234631144745257,4691,Neutral,0
24-Jul-2018,7721.65,8486,7696,8397.24,60121.163749,326329,0.252647674173859,4751,Positive,1
25-Jul-2018,8397.24,8491.77,8050,8175.64,48257.649124,277935,0.271715603992662,4909,Positive,1
26-Jul-2018,8175.63,8315.69,7850.06,7920,43223.481682,235681,0.093979877609791,5556,Negative,-1
27-Jul-2018,7920,8285,7805,8188.57,43671.005891,227397,0.243462181594083,4868,Positive,1
28-Jul-2018,8188.57,8246.54,8067,8225.04,26215.173839,144170,0.278803586678052,4684,Positive,1
29-Jul-2018,8225.04,8294.51,8115,8211,25531.226185,144331,0.303806947459835,4606,Positive,1
30-Jul-2018,8210.99,8273,7866,8173.92,39692.416542,206911,0.223513988275724,4947,Neutral,0
31-Jul-2018,8171.4,8180,7633,7730.93,48296.915587,239132,0.243974601861426,4835,Positive,1
01-Aug-2018,7735.67,7750,7430,7604.58,42582.312932,208008,0.230700918163672,5010,Neutral,0
02-Aug-2018,7600.08,7709.46,7455.72,7525.71,37665.696684,175627,0.211132147264499,4862,Negative,-1
03-Aug-2018,7525.71,7540,7282.44,7418.78,44669.486047,226727,0.264609325230511,4772,Positive,1
04-Aug-2018,7412.27,7494.81,6926,7009.84,36288.42601,199335,0.235168988764043,4895,Neutral,0
05-Aug-2018,7009.84,7089.87,6882.29,7024.19,32894.849782,148658,0.269583872938301,4911,Positive,1
06-Aug-2018,7024.19,7160,6821,6934.82,32760.191643,177378,0.230588736842104,4750,Neutral,0
07-Aug-2018,6935,7150.46,6670,6720.06,45438.473501,247202,0.212314780070876,4797,Negative,-1
08-Aug-2018,6720.63,6721.54,6123,6285,59550.536319,305603,0.178932260169676,4597,Negative,-1
09-Aug-2018,6283.27,6622.81,6178.6,6529.79,51941.185111,248573,0.255669157694743,4737,Positive,1
10-Aug-2018,6529.79,6575.88,6026.39,6144.01,59034.974902,289661,0.196251406904809,5011,Negative,-1
11-Aug-2018,6148.13,6488,5971,6232.35,47133.418555,236173,0.225191943684003,5114,Neutral,0
12-Aug-2018,6222.55,6472.3,6130,6308.33,38567.770712,190399,0.263686360917247,5015,Positive,1
13-Aug-2018,6308.56,6545,6145.04,6246.35,53895.828783,239602,0.173819440502737,4933,Negative,-1
14-Aug-2018,6248.25,6250.33,5880,6188.08,50186.745091,252004,0.173630323551543,5316,Negative,-1
15-Aug-2018,6188.08,6609,6172.11,6267.16,68806.687026,329413,0.19803891312971,5042,Negative,-1
16-Aug-2018,6265.27,6480,6205.6,6311.75,48515.254618,228942,0.223511128967456,4978,Neutral,0
17-Aug-2018,6316,6585,6285.4,6584.49,57851.610803,296730,0.227426333734454,4986,Neutral,0
18-Aug-2018,6579.04,6620,6288,6387.96,53742.322172,276121,0.23780178501373,5098,Neutral,0
19-Aug-2018,6387.96,6541,6300,6477.53,45190.847994,190758,0.202249554543652,5051,Negative,-1
20-Aug-2018,6477.53,6530,6220,6254.84,49435.55526,237055,0.188208410333772,5303,Negative,-1
21-Aug-2018,6251,6500,6235.08,6480,41569.947408,180578,0.21002876571193,4853,Negative,-1
22-Aug-2018,6479.98,6882.54,6251.2,6360.89,77909.391359,326562,0.106013857310859,5102,Negative,-1
23-Aug-2018,6362.57,6576.99,6342.28,6525.01,40358.166825,187637,0.142198447488583,5475,Negative,-1
24-Aug-2018,6525,6725,6440.5,6681.64,38305.675322,180167,0.212490454985478,5165,Negative,-1
25-Aug-2018,6686.98,6789,6650.61,6733.64,19220.505929,122483,0.215846831062081,4623,Neutral,0
26-Aug-2018,6733.64,6775.27,6568,6700,20107.297208,130769,0.257553256948864,4713,Positive,1
27-Aug-2018,6700,6940.51,6646.5,6908.64,37747.078747,205441,0.214058269771176,4982,Negative,-1
28-Aug-2018,6907.26,7135,6860,7076.11,48352.917163,252033,0.231152295566502,5075,Neutral,0
29-Aug-2018,7077,7133.81,6912.34,7031.22,43252.487392,223772,0.279454693366708,4794,Positive,1
30-Aug-2018,7033.21,7063.63,6784.81,6984.84,44716.77462,230848,0.216646044427121,5132,Neutral,0
31-Aug-2018,6984.84,7089,6888,7011.21,40467.400638,203142,0.262033388090349,4870,Positive,1
01-Sep-2018,7011.21,7275,7008.74,7200.01,40323.414093,217286,0.256188734100545,4953,Positive,1
02-Sep-2018,7201.57,7345.45,7127,7302.01,39814.840352,210282,0.246255984848484,5280,Positive,1
03-Sep-2018,7302,7338.28,7191.63,7263.02,32396.018371,173846,0.21063176470588,5015,Negative,-1
04-Sep-2018,7263,7410,7227.17,7359.06,35300.640518,183178,0.230336607142855,5264,Neutral,0
05-Sep-2018,7359.05,7397.3,6682,6700,63715.256267,308813,0.182946746476153,5179,Negative,-1
06-Sep-2018,6697.27,6725,6265,6516.01,60644.464227,280845,0.209323728493099,5289,Negative,-1
07-Sep-2018,6516.84,6544,6320,6395.54,38906.28805,194451,0.231803649496294,5261,Neutral,0
08-Sep-2018,6395.54,6478,6111,6185.05,38215.032171,180831,0.222402996474736,5106,Neutral,0
09-Sep-2018,6185.06,6441,6141.53,6250.81,37053.92382,176709,0.228277165975923,5067,Neutral,0
10-Sep-2018,6252.26,6373.98,6221,6312,32439.456432,165286,0.215079094744917,5214,Neutral,0
11-Sep-2018,6311.99,6404,6169.68,6294.91,33104.88859,173335,0.210071165084002,5476,Negative,-1
12-Sep-2018,6293,6360,6192.37,6338.62,31433.645939,165590,0.238800192678227,5190,Neutral,0
13-Sep-2018,6338.62,6535,6337.4,6487.38,40465.063107,215637,0.219904008179959,4890,Neutral,0
14-Sep-2018,6487.39,6584.99,6385.62,6476.63,37173.339277,198375,0.269192664248287,4962,Positive,1
15-Sep-2018,6476.63,6565.45,6466.13,6514.96,25243.656612,141362,0.24738770540487,5051,Positive,1
16-Sep-2018,6514.96,6524.62,6370,6505,27568.132897,145921,0.267578603882693,4842,Positive,1
17-Sep-2018,6500.08,6533.84,6201,6248.69,35987.254738,196924,0.241136401047511,5346,Neutral,0
18-Sep-2018,6248.69,6390,6224.98,6336.45,32620.86667,169055,0.21827246492986,4990,Neutral,0
19-Sep-2018,6336.39,6517.7,6123,6391.89,39044.080082,198215,0.20684566353187,4785,Negative,-1
20-Sep-2018,6392,6540,6325,6492,25189.024728,153686,0.255894604245187,5041,Positive,1
21-Sep-2018,6492,6784.86,6491,6759.02,51779.343463,292494,0.216606040268454,5066,Neutral,0
22-Sep-2018,6759.01,6839.03,6627,6723.05,29349.690667,145720,0.302675534811359,5142,Positive,1
23-Sep-2018,6723.05,6788.23,6661.75,6708,30286.229773,168354,0.305878433196874,5374,Positive,1
24-Sep-2018,6706.81,6730,6557,6581.39,35305.73991,185297,0.293573204940336,4777,Positive,1
25-Sep-2018,6581.42,6584.01,6325.02,6447.54,40301.029452,219965,0.266804998077662,5202,Positive,1
26-Sep-2018,6445.11,6557.99,6379.7,6465.12,33484.54207,184238,0.286876990620634,5011,Positive,1
27-Sep-2018,6467.84,6750,6434,6689.13,33087.428297,182590,0.242934710912053,4912,Positive,1
28-Sep-2018,6689.12,6814.8,6540.88,6634.58,42399.448523,211849,0.27775296111665,5015,Positive,1
29-Sep-2018,6634.58,6636,6464.57,6596.38,30255.9597,171027,0.316903171788808,5076,Positive,1
30-Sep-2018,6597.66,6662,6533,6626.57,27764.724519,153447,0.277234909819639,4990,Positive,1
01-Oct-2018,6626.57,6667.09,6510,6611.61,20621.506894,129733,0.254675376984126,5040,Positive,1
02-Oct-2018,6610,6640,6494,6525.79,28245.810088,147274,0.220019011708671,5039,Neutral,0
03-Oct-2018,6525.79,6549,6430,6510,28451.969138,150607,0.281042094413523,4851,Positive,1
04-Oct-2018,6510.01,6643.46,6505.09,6593.79,20074.300818,96824,0.25100737704918,4880,Positive,1
05-Oct-2018,6591.69,6697,6543.08,6635.65,16096.552392,86701,0.241613139276329,4947,Neutral,0
06-Oct-2018,6635.65,6651,6566.77,6594.27,10939.505391,62065,0.262332074729596,5085,Positive,1
07-Oct-2018,6596.44,6640,6525,6615.26,17406.831762,82844,0.263097936752795,5186,Positive,1
08-Oct-2018,6615.26,6715.6,6587,6673.01,23123.419541,135156,0.265564613550565,5033,Positive,1
09-Oct-2018,6673.01,6685.38,6607,6656.61,15354.779469,101956,0.284958066489904,4903,Positive,1
10-Oct-2018,6656.67,6659.95,6530,6631,15390.661444,99789,0.243594530046226,5192,Positive,1
11-Oct-2018,6630.21,6633.92,6205,6252.68,48712.400332,253224,0.230714332561728,5184,Neutral,0
12-Oct-2018,6252.71,6360,6209,6298.01,29004.071419,148077,0.204364016820183,4994,Negative,-1
13-Oct-2018,6298,6345,6285.07,6332.93,19098.070025,108981,0.263025987332339,5368,Positive,1
14-Oct-2018,6332.92,6416,6308,6339.34,15627.411314,96113,0.250666034482759,5220,Positive,1
15-Oct-2018,6339.34,7680,6300,6752.5,90748.031246,456913,0.23928342385838,4971,Neutral,0
16-Oct-2018,6752.5,6900,6670,6759.27,27557.957764,175075,0.239772562179236,5066,Neutral,0
17-Oct-2018,6762.76,6811.12,6676.01,6740.89,26641.431379,158746,0.26231274628066,4974,Positive,1
18-Oct-2018,6739.01,6796,6567,6618.96,20116.521941,138002,0.246587060768911,4838,Positive,1
19-Oct-2018,6618.96,6648.14,6523,6528.88,20772.60077,112337,0.260967671988959,5073,Positive,1
20-Oct-2018,6528.88,6617.65,6505.55,6588.4,19240.722247,110809,0.321906724003125,5116,Positive,1
21-Oct-2018,6585.72,6663.9,6580,6590.11,6515.357792,68018,0.280666063808168,4921,Positive,1
22-Oct-2018,6590.12,6639,6535.27,6581.2,16213.69266,101673,0.283223672994963,5162,Positive,1
23-Oct-2018,6581.2,6595,6515.45,6553.51,13856.601756,86938,0.292835254854368,4944,Positive,1
24-Oct-2018,6553.51,6630,6547.53,6565.5,11951.543977,90762,0.27800728643216,4776,Positive,1
25-Oct-2018,6566.81,6575.09,6502.8,6528.09,10342.701244,75563,0.281942634281199,5064,Positive,1
26-Oct-2018,6528.13,6600,6515.01,6538.63,9443.504156,77985,0.267252948557089,4782,Positive,1
27-Oct-2018,6538.63,6558.35,6463.04,6505.6,7776.907864,86848,0.294338613671276,5208,Positive,1
28-Oct-2018,6505.6,6514.17,6453,6489.93,5743.933728,71647,0.306085241730281,5109,Positive,1
29-Oct-2018,6489.93,6505.01,6315,6344.5,13827.224067,135586,0.207445925640531,5191,Negative,-1
30-Oct-2018,6344.5,6395,6317.01,6330.87,8877.175385,95116,0.24966485514107,5281,Positive,1
31-Oct-2018,6330.01,6428,6245.02,6371.93,12148.888216,111552,0.285871624850657,5022,Positive,1
01-Nov-2018,6369.52,6442.65,6348.66,6410,9099.035841,89601,0.284309889434889,4884,Positive,1
02-Nov-2018,6410,6460.34,6388.2,6433.98,9739.440679,109482,0.250832459081048,5071,Positive,1
03-Nov-2018,6432.8,6439.97,6345,6387.09,7661.241476,83836,0.276620579494799,5384,Positive,1
04-Nov-2018,6388,6525,6359,6485.85,10592.394943,126200,0.285840692027519,4942,Positive,1
05-Nov-2018,6485.85,6504.39,6431.02,6468.99,8987.882156,114235,0.223134950153373,5216,Neutral,0
06-Nov-2018,6468.99,6531.31,6445.18,6519.11,11926.565699,150475,0.247788337667532,4999,Positive,1
07-Nov-2018,6522.73,6615.15,6509,6578.46,14271.591117,151060,0.299674822415152,5068,Positive,1
08-Nov-2018,6578.46,6594,6468.22,6479.84,13259.789282,145405,0.22992983467897,5202,Neutral,0
09-Nov-2018,6479.84,6511.53,6391.01,6419.99,11787.616583,117043,0.185763298490127,5166,Negative,-1
10-Nov-2018,6419.99,6475.55,6411,6433.05,7714.829926,97746,0.222064377764954,5199,Neutral,0
11-Nov-2018,6435.16,6462.14,6355,6449.81,8213.507117,98435,0.247737426671881,5114,Positive,1
12-Nov-2018,6450.71,6497,6421,6453.07,10132.782567,123144,0.206146066790352,5390,Negative,-1
13-Nov-2018,6451.68,6498,6391.15,6457.66,11790.564933,150940,0.174303219203571,5374,Negative,-1
14-Nov-2018,6458.98,6482.84,5656.87,5922.41,46478.964003,319011,0.0771688897455669,5188,Negative,-1
15-Nov-2018,5917.2,5939.54,5403.42,5753.4,47700.829401,303825,0.0926136834709284,5693,Negative,-1
16-Nov-2018,5757.09,5782.89,5549.25,5655.94,38721.802274,221493,0.145457454545454,5500,Negative,-1
17-Nov-2018,5650.57,5656.6,5565.43,5628.29,26411.241413,171403,0.168980458318297,5542,Negative,-1
18-Nov-2018,5630.49,5738.17,5617,5662,23844.999347,154817,0.218972150045745,5465,Neutral,0
19-Nov-2018,5661.94,5664,4855,4910.03,70580.892856,378495,0.147603749760857,5227,Negative,-1
20-Nov-2018,4913.4,5048.24,4326,4558.86,117380.95159,596769,0.126403747963063,5523,Negative,-1
21-Nov-2018,4559.91,4787.2,4413.85,4661.07,61071.829475,301920,0.154821366413627,5401,Negative,-1
22-Nov-2018,4661.08,4721.77,4335,4370,34531.119143,180335,0.218370422535212,5183,Neutral,0
23-Nov-2018,4370.9,4484,4222.94,4420.61,49371.920322,227935,0.165644179048336,5317,Negative,-1
24-Nov-2018,4415.63,4527,3824.69,3932.44,61693.111006,275070,0.155833270887973,5338,Negative,-1
25-Nov-2018,3933.68,4233,3652.66,4085.78,101693.975588,428171,0.211507150735294,5440,Negative,-1
26-Nov-2018,4088.69,4206,3701,3862.2,94504.865717,413339,0.142650145878921,5484,Negative,-1
27-Nov-2018,3864.45,3940,3689.12,3875.21,67480.607212,288731,0.224032718894008,5425,Neutral,0
28-Nov-2018,3875.63,4394.47,3874.27,4264.85,91983.567949,386714,0.230318940100763,5359,Neutral,0
29-Nov-2018,4262.06,4450.38,4125.65,4295.84,73980.198669,316601,0.218809183859777,5477,Neutral,0
30-Nov-2018,4295.72,4341.36,3943,4041.32,67758.446283,288098,0.232975486381323,5397,Neutral,0
01-Dec-2018,4041.27,4299.99,3963.01,4190.02,44840.073481,205472,0.257243331403203,5181,Positive,1
02-Dec-2018,4190.98,4312.99,4103.04,4161.01,38912.15479,178087,0.247433842959608,5298,Positive,1
03-Dec-2018,4160.55,4179,3827,3884.01,49094.369163,207134,0.182913583922591,5374,Negative,-1
04-Dec-2018,3884.76,4085,3781,3951.64,48489.551613,220815,0.213368071282718,5387,Negative,-1
05-Dec-2018,3950.98,3970,3745,3769.84,44004.799448,199011,0.209786821705426,5289,Negative,-1
06-Dec-2018,3768.44,3899.99,3500,3508.75,68378.796943,293512,0.212916584158417,5252,Negative,-1
07-Dec-2018,3508.75,3549.99,3224.6,3403.55,95145.457442,413521,0.231271248826291,5325,Neutral,0
08-Dec-2018,3403.57,3495,3222,3410.93,55365.949949,253650,0.243606542232278,5304,Positive,1
09-Dec-2018,3411.36,3658,3394.04,3545.37,45956.893296,194567,0.256265266051444,5093,Positive,1
10-Dec-2018,3548.49,3610,3370.11,3432.88,40989.244553,192599,0.207334032411822,5245,Negative,-1
11-Dec-2018,3434.01,3480,3324.32,3380.39,35920.864154,162266,0.22135120412844,5232,Neutral,0
12-Dec-2018,3379.23,3492,3350,3445,33922.931286,152067,0.209761182669789,5124,Negative,-1
13-Dec-2018,3446.38,3460,3255.5,3302.06,40040.917013,160471,-0.0609099678999823,5919,Negative,-1
14-Dec-2018,3302.06,3335.39,3177,3224.17,44492.983807,184525,0.138685096064167,5361,Negative,-1
15-Dec-2018,3225.19,3276.5,3156.26,3211.72,29796.041436,139806,0.167500969787393,5362,Negative,-1
16-Dec-2018,3211.71,3294,3186,3228.67,24628.808538,125565,0.218819456029013,5515,Neutral,0
17-Dec-2018,3229.22,3585,3216,3509.08,66762.216388,283815,0.231191583397386,5204,Neutral,0
18-Dec-2018,3509.03,3678.59,3424.47,3652.98,61369.615257,296433,0.210316278606965,5025,Negative,-1
19-Dec-2018,3653,3912.73,3622.55,3662.22,94137.341014,434026,0.227857154072621,5095,Neutral,0
20-Dec-2018,3660.01,4120,3635,4049.62,101543.835986,500506,0.241162325310558,5152,Neutral,0
21-Dec-2018,4051.86,4139.99,3764,3838.66,82343.850112,436187,0.289841378655525,5266,Positive,1
22-Dec-2018,3840.25,3979,3785,3948.91,42822.350872,249148,0.263753373615308,4965,Positive,1
23-Dec-2018,3948.91,4021.53,3870,3929.71,40117.531529,258417,0.284486635859518,5410,Positive,1
24-Dec-2018,3929.71,4198,3924.83,4008.01,64647.809129,400403,0.27806063038371,5108,Positive,1
25-Dec-2018,4010.11,4020,3646.41,3745.79,62725.629432,356377,0.263296752205293,4988,Positive,1
26-Dec-2018,3745.56,3837.15,3656.74,3777.74,42629.375817,267746,0.230163557824465,5093,Neutral,0
27-Dec-2018,3777.74,3813.98,3535,3567.91,44097.392912,262733,0.191427157360406,5516,Negative,-1
28-Dec-2018,3567.89,3887.25,3540.04,3839.26,45964.304987,251040,0.222805266025057,5507,Neutral,0
29-Dec-2018,3839,3892,3670,3695.32,38874.373903,244844,0.227339348276511,5309,Neutral,0
30-Dec-2018,3696.71,3903.5,3657.9,3801.91,33222.369262,218929,0.261437971872686,5404,Positive,1
31-Dec-2018,3803.12,3810,3630.33,3702.9,29991.77835,190308,0.233046942511898,5462,Neutral,0
01-Jan-2019,3701.23,3810.16,3642,3797.14,23741.687033,154227,0.255281066666667,5250,Positive,1
02-Jan-2019,3796.45,3882.14,3750.45,3858.56,35156.463369,218538,0.259441129339945,5242,Positive,1
03-Jan-2019,3857.57,3862.74,3730,3766.78,29406.948359,199812,0.226409825870648,5628,Neutral,0
04-Jan-2019,3767.2,3823.64,3703.57,3792.01,29519.554671,192232,0.269574522167487,5075,Positive,1
05-Jan-2019,3790.09,3840.99,3751,3770.96,30490.667751,203673,0.259825636120144,5227,Positive,1
06-Jan-2019,3771.12,4027.71,3740,3987.6,36553.806709,240496,0.259632727967884,5231,Positive,1
07-Jan-2019,3987.62,4017.9,3921.53,3975.45,31869.846264,221219,0.245466922339405,5215,Positive,1
08-Jan-2019,3976.76,4069.8,3903,3955.13,38901.423122,242898,0.258597646589549,5014,Positive,1
09-Jan-2019,3955.45,4006.81,3930.04,3966.65,28989.439511,209240,0.260327964743589,4992,Positive,1
10-Jan-2019,3966.06,3996.01,3540,3585.88,59402.22851,374760,0.210034415198893,5053,Negative,-1
11-Jan-2019,3585.88,3658,3465,3601.31,38338.654733,264996,0.239494586496204,5006,Neutral,0
12-Jan-2019,3601.31,3618.19,3530,3583.13,21999.928354,175679,0.27180425987162,5141,Positive,1
13-Jan-2019,3584.1,3611.1,3441.3,3476.81,26385.757454,183113,0.248298795882695,5149,Positive,1
14-Jan-2019,3477.56,3671.87,3467.02,3626.09,35235.211215,229452,0.242513043478262,5152,Neutral,0
15-Jan-2019,3626.08,3648.42,3516.62,3553.06,34137.997459,231684,0.234141763294682,5002,Neutral,0
16-Jan-2019,3553.06,3645,3543.51,3591.84,27480.179977,205159,0.222030049850448,5015,Neutral,0
17-Jan-2019,3591.84,3634.7,3530.39,3616.21,29755.440838,217797,0.233805132162838,5183,Neutral,0
18-Jan-2019,3613.32,3620,3565.75,3594.87,22713.446755,177567,0.23047552700261,4981,Neutral,0
19-Jan-2019,3594.87,3720,3594.23,3665.3,22171.578123,175054,0.140592857142857,7481,Negative,-1
20-Jan-2019,3665.75,3693.73,3475,3539.28,27901.938598,204941,0.186458439772057,5089,Negative,-1
21-Jan-2019,3539.26,3559.51,3475.5,3526.9,19644.436839,160825,0.197614457831326,5229,Negative,-1
22-Jan-2019,3526.88,3608.5,3434.85,3570.93,29336.442967,195484,0.243506080943666,4917,Positive,1
23-Jan-2019,3570.41,3607.98,3514.5,3552.82,24938.842698,192892,0.179070557137047,4918,Negative,-1
24-Jan-2019,3552.97,3589,3529.22,3569.62,20826.25118,162159,0.224605348210851,5198,Neutral,0
25-Jan-2019,3569.07,3587.15,3522.51,3565.29,17608.346671,153413,0.229323505816287,4986,Neutral,0
26-Jan-2019,3566.69,3662.94,3545,3565.25,19476.532344,135369,0.22873790987536,5215,Neutral,0
27-Jan-2019,3565.62,3579,3486,3550.84,22735.598162,163855,0.243673181197581,5127,Positive,1
28-Jan-2019,3550.05,3557.75,3380.27,3434.15,40405.111401,260799,0.195453397873957,5268,Negative,-1
29-Jan-2019,3434,3443.45,3349.92,3411.04,29544.928977,189650,0.202507546424339,5062,Negative,-1
30-Jan-2019,3410.04,3478,3387.1,3458.18,23968.260243,180820,0.203827454438567,5103,Negative,-1
31-Jan-2019,3457.5,3489.2,3418.8,3434.1,29607.190253,198100,0.235862540468483,5251,Neutral,0
01-Feb-2019,3434.1,3488,3401.2,3462.07,25260.476159,167520,0.235033091408396,5098,Neutral,0
02-Feb-2019,3462.2,3526.4,3440.29,3504.77,17920.802,153234,0.256111946011282,4964,Positive,1
03-Feb-2019,3504.06,3511.09,3426,3458.11,19867.33639,138592,0.233365892822597,5169,Neutral,0
04-Feb-2019,3458.11,3484.88,3433.31,3463.22,23131.981108,155686,0.194295424567189,4852,Negative,-1
05-Feb-2019,3463.22,3478.97,3448.43,3471.59,25264.41503,162066,0.177220570630487,5012,Negative,-1
06-Feb-2019,3471.57,3482.72,3380,3405.37,35310.244846,207024,0.171630353031466,5212,Negative,-1
07-Feb-2019,3407,3426.45,3390,3398.4,18665.538638,148209,0.196894938952343,5078,Negative,-1
08-Feb-2019,3398.4,3733.58,3373.1,3659.04,47968.058013,277242,0.260636517656664,4899,Positive,1
09-Feb-2019,3660.27,3680.02,3625.13,3665.18,24759.833719,192209,0.259110694769711,5124,Positive,1
10-Feb-2019,3665.18,3684.99,3609.76,3680.06,23250.602634,171099,0.252999959798993,4975,Positive,1
11-Feb-2019,3679.75,3684.9,3615.53,3631.05,24954.614571,172626,0.224823087300057,5189,Neutral,0
12-Feb-2019,3631.05,3667.6,3582.34,3631.46,29479.59823,198996,0.233630555006914,5063,Neutral,0
13-Feb-2019,3631.51,3670,3591.75,3609.4,25773.997648,167690,0.203312622549018,4896,Negative,-1
14-Feb-2019,3608.34,3626.4,3568.11,3590.56,21753.501261,155215,0.199416136919318,5317,Negative,-1
15-Feb-2019,3590.57,3653.23,3573.45,3602.47,20777.872899,151256,0.227863931184497,5057,Neutral,0
16-Feb-2019,3602.49,3648.2,3597.91,3618.41,19565.992751,149393,0.251194457186546,5232,Positive,1
17-Feb-2019,3617.22,3700.11,3604.4,3667.58,25690.227779,179511,0.237309164930884,5281,Neutral,0
18-Feb-2019,3667.62,3925,3655,3898.6,64042.730492,393515,0.271430785517679,4723,Positive,1
19-Feb-2019,3897.35,3994.52,3856,3907.79,50207.172667,332281,0.23935513285024,4968,Neutral,0
20-Feb-2019,3907.35,3986.98,3870.66,3969.74,36205.14085,250176,0.284180588812561,5095,Positive,1
21-Feb-2019,3969.74,4016.48,3901.03,3937.31,31103.884728,209571,0.268345903614457,4980,Positive,1
22-Feb-2019,3937.31,3988,3926.65,3962,23943.16375,179588,0.246439457951376,5018,Positive,1
23-Feb-2019,3962,4162.02,3933.15,4117.76,33657.942883,231563,0.253278293354306,5086,Positive,1
24-Feb-2019,4118,4198,3712.66,3743.56,62224.18689,410578,0.224145804859528,5268,Neutral,0
25-Feb-2019,3743.56,3872.66,3740,3827.92,38102.966245,262716,0.181131285846437,5405,Negative,-1
26-Feb-2019,3828.44,3841.51,3777,3809.23,28838.748036,213897,0.25170789421356,5029,Positive,1
27-Feb-2019,3809.31,3838.85,3677.17,3818.07,31500.995466,201626,0.233223402061855,4850,Neutral,0
28-Feb-2019,3818.04,3888,3763.87,3813.69,32561.961044,233849,0.250813918422576,5173,Positive,1
01-Mar-2019,3814.26,3857,3813.01,3823,23174.57217,179860,0.223965091319902,5311,Neutral,0
02-Mar-2019,3822.17,3841.31,3772.25,3819.93,19445.838355,149854,0.26637841656988,5166,Positive,1
03-Mar-2019,3819.97,3835,3781.32,3807.75,16718.16541,127681,0.255061051397303,5117,Positive,1
04-Mar-2019,3807.32,3830,3670.69,3715.3,34742.84166,218615,0.218499296340973,4974,Neutral,0
05-Mar-2019,3716.1,3877.1,3703.55,3857.73,32962.536162,202444,0.275572397233963,5206,Positive,1
06-Mar-2019,3857.58,3907,3813.09,3861.84,24775.11883,165101,0.255145940212149,5185,Positive,1
07-Mar-2019,3861.84,3905.4,3840.4,3873.64,26455.257661,180520,0.24652689599678,4971,Positive,1
08-Mar-2019,3873.63,3932,3800,3864.89,34730.366592,211534,0.244600734583414,5173,Positive,1
09-Mar-2019,3864.88,3971.75,3854.75,3943.04,30979.747653,206869,0.253539602353417,4929,Positive,1
10-Mar-2019,3943.43,3943.43,3881.69,3916.82,23187.561412,167920,0.25250406162465,4998,Positive,1
11-Mar-2019,3915.99,3936.98,3830,3871.61,38066.885705,209916,0.222474805900622,5152,Neutral,0
12-Mar-2019,3871.61,3905.2,3826.06,3882.73,26921.008622,182885,0.21870976915974,5415,Neutral,0
13-Mar-2019,3882.69,3893.56,3840,3866,24461.008757,186572,0.214703026706231,5055,Neutral,0
14-Mar-2019,3866,3920,3810.43,3877.12,27048.74853,196651,0.230228948420632,5002,Neutral,0
15-Mar-2019,3877.12,3939.22,3872.2,3923.76,21740.061498,163866,0.229279401197605,5010,Neutral,0
16-Mar-2019,3924.46,4056.98,3921.98,4005.98,28568.376124,216198,0.259419221081185,5161,Positive,1
17-Mar-2019,4005.98,4012,3950.01,3981.14,18814.255577,146953,0.248214761720265,5162,Positive,1
18-Mar-2019,3981.85,4037,3953.33,3987.81,22454.47801,157876,0.222265041782729,5026,Neutral,0
19-Mar-2019,3987.83,4031,3970,4015.53,19893.741815,147394,0.245794438006954,5178,Positive,1
20-Mar-2019,4017.48,4050,3980.5,4043.04,23432.300255,175036,0.23908045540797,5270,Neutral,0
21-Mar-2019,4043.04,4069.32,3880.01,3980.64,35997.682119,236100,0.219414962121213,5280,Neutral,0
22-Mar-2019,3980.85,4008,3968.25,3986.93,20022.606318,153703,0.236998708487086,4878,Neutral,0
23-Mar-2019,3987.89,4018.83,3978.01,4006.01,17302.604318,143155,0.261607486193496,4889,Positive,1
24-Mar-2019,4006.01,4006.02,3950,3992.18,17179.850648,131087,0.204752361698216,5441,Negative,-1
25-Mar-2019,3991.35,3999.3,3888.71,3936.12,33192.890217,227739,0.214031437355879,5204,Negative,-1
26-Mar-2019,3935.47,3958.98,3894,3948.55,29349.537627,192418,0.237693627915797,5273,Neutral,0
27-Mar-2019,3948.77,4048,3936.15,4038.05,32364.555852,224309,0.242964408099688,5136,Positive,1
28-Mar-2019,4039.58,4039.7,4002,4027.81,20089.293875,157060,0.23405325523334,5207,Neutral,0
29-Mar-2019,4028.22,4123.71,4024.03,4103.25,30084.217444,203826,0.237583914156332,5079,Neutral,0
30-Mar-2019,4104.24,4140,4052,4106.97,19509.292601,162463,0.22024339659179,5164,Neutral,0
31-Mar-2019,4106.99,4116.12,4082.57,4103.95,13525.087433,124046,0.283698239501193,5453,Positive,1
01-Apr-2019,4102.44,4158.7,4067,4144.56,25507.067641,184268,0.268441557187018,5176,Positive,1
02-Apr-2019,4144.54,4897.99,4140.54,4857.29,105383.639263,609133,0.25449153617443,5045,Positive,1
03-Apr-2019,4857.19,5275.01,4753.5,4932.6,109890.125743,692019,0.255106409251275,5102,Positive,1
04-Apr-2019,4932.59,5039.08,4777,4898.66,61054.254168,419141,0.256838124533932,5364,Positive,1
05-Apr-2019,4898.64,5028.22,4880.62,5004.95,39768.552806,292375,0.239815708137714,5112,Neutral,0
06-Apr-2019,5004.96,5205,4928.59,5043.89,41770.842313,281237,0.253220707892595,4916,Positive,1
07-Apr-2019,5042.07,5234,5026,5170.27,37615.486804,274084,0.24839953506393,5162,Positive,1
08-Apr-2019,5170.27,5305,5039,5236.9,50178.430782,350828,0.193740653846154,5200,Negative,-1
09-Apr-2019,5238.38,5238.4,5076.68,5150,34067.012311,253381,0.144339798534799,5460,Negative,-1
10-Apr-2019,5150,5422,5135,5308.25,40073.620471,260967,0.227875539568347,5143,Neutral,0
11-Apr-2019,5307.86,5332.67,4927,5017.37,54696.600686,369304,0.197581228924691,5338,Negative,-1
12-Apr-2019,5017.37,5080.58,4861.22,5048.01,33276.678614,226036,0.183474848984073,5463,Negative,-1
13-Apr-2019,5047,5099,5004,5045.22,17292.456802,138674,0.232799860083949,5003,Neutral,0
14-Apr-2019,5047.45,5152.99,5000,5131.3,18281.607739,131700,0.261075102344621,5374,Positive,1
15-Apr-2019,5131.28,5167.38,4950,5024.95,29057.191581,204944,0.197483246073299,5348,Negative,-1
16-Apr-2019,5024.95,5197.72,5003.94,5173.72,24242.229493,168550,0.204901375515818,5089,Negative,-1
17-Apr-2019,5173.72,5230.4,5146.8,5202.82,23307.536134,179490,0.191942311478637,5079,Negative,-1
18-Apr-2019,5202.41,5287,5198.8,5258.44,22619.239001,167110,0.252479750593824,5052,Positive,1
19-Apr-2019,5258.44,5320,5175,5258.68,24611.236323,178148,0.204175840742172,5174,Negative,-1
20-Apr-2019,5258.68,5333.42,5230.1,5291.73,19168.908274,157080,0.201233936403509,5472,Negative,-1
21-Apr-2019,5292.91,5314.35,5165,5256.14,25549.570939,210494,0.204254729474081,5286,Negative,-1
22-Apr-2019,5257.41,5400,5208.35,5357.14,29563.852309,210361,0.227066877595413,5057,Neutral,0
23-Apr-2019,5357.14,5600,5332.41,5493.31,41262.103917,282563,0.213268651389932,5324,Negative,-1
24-Apr-2019,5490.91,5582.2,5333.35,5415,48224.152413,339599,0.216458696883852,5295,Neutral,0
25-Apr-2019,5415,5491.84,5102,5219.9,49636.089948,331089,0.182315559373807,5238,Negative,-1
26-Apr-2019,5220.47,5510,5161.62,5314.1,48912.294513,333183,0.185967846212701,5228,Negative,-1
27-Apr-2019,5315,5342.5,5257.67,5295.69,15422.896935,145733,0.228155774755794,5221,Neutral,0
28-Apr-2019,5295.69,5340,5259.48,5307.52,14371.433869,127730,0.205645335061087,5402,Negative,-1
29-Apr-2019,5309.81,5332,5178.8,5238.14,19918.135079,178472,0.184768793103448,5220,Negative,-1
30-Apr-2019,5238.14,5339.98,5192.15,5320.81,22238.06823,180989,0.211371626361454,5417,Negative,-1
01-May-2019,5321.94,5402,5316.2,5383.2,17217.473216,161488,0.264593125119024,5251,Positive,1
02-May-2019,5383.2,5538,5370,5492.87,22795.787835,181896,0.241490537383178,5136,Neutral,0
03-May-2019,5494.81,5844,5477.57,5772.69,46297.172849,338298,0.223001429388222,5247,Neutral,0
04-May-2019,5770.62,5900,5587.45,5829.45,39682.408991,283145,0.240527035213933,5282,Neutral,0
05-May-2019,5829.83,5839.9,5696,5775.62,23822.543775,185365,0.251687069452286,7947,Positive,1
06-May-2019,5773.18,5805,5619.14,5747.79,25256.596325,230431,0.232774545813585,5064,Neutral,0
07-May-2019,5749.92,6028.41,5747.74,5846.34,39905.064422,301388,0.224535882133533,5362,Neutral,0
08-May-2019,5846.34,6014.72,5772.2,5987.29,23074.186907,190969,0.0994940917107568,5670,Negative,-1
09-May-2019,5986.66,6224.55,5983.71,6209.18,27453.011436,227841,0.20614622182146,5545,Negative,-1
10-May-2019,6209.95,6468.92,6172,6373.33,36623.61079,283074,0.251139230185817,5274,Positive,1
11-May-2019,6375.16,7343.99,6372.85,7076.22,74022.424393,562540,0.248738683651804,4710,Positive,1
12-May-2019,7076.24,7521.78,6750,6967.31,86948.975339,647345,0.250697284095349,5118,Positive,1
13-May-2019,6968.24,8100,6870,7790.71,85804.735333,588497,0.2051747086915,5235,Negative,-1
14-May-2019,7795.62,8366,7599.56,7947.56,76583.722603,655426,0.250485025281991,5142,Positive,1
15-May-2019,7945.26,8249,7850,8169.87,37884.327211,347533,0.23803666044776,5360,Neutral,0
16-May-2019,8169.08,8320,7705,7866.59,69630.513996,666538,0.230984957426679,5285,Neutral,0
17-May-2019,7868.67,7925,6913,7355.26,88752.008159,803893,0.234799441132636,5368,Neutral,0
18-May-2019,7355.28,7458,7156.61,7257.45,37054.944779,379504,0.252469018290405,5358,Positive,1
19-May-2019,7257.32,8275.09,7243.08,8148.48,65577.442058,583432,0.257857012254423,5141,Positive,1
20-May-2019,8147.94,8156.03,7553,7938.15,65859.208564,610360,0.19117939047619,5250,Negative,-1
21-May-2019,7937.16,8042.32,7771,7904.87,52301.752247,554038,0.216300219780219,5460,Neutral,0
22-May-2019,7904.48,8016,7465,7628.43,49136.994589,461337,0.230967814998096,5254,Neutral,0
23-May-2019,7627.8,7940.98,7461,7851.51,49648.184701,449220,0.257897790357927,5476,Positive,1
24-May-2019,7849.95,8130,7766,7964.87,46664.785325,428676,0.224901776882214,5459,Neutral,0
25-May-2019,7964.52,8091.8,7908.34,8025.41,28414.328817,264448,0.234477482237201,5489,Neutral,0
26-May-2019,8023,8740,7833.42,8614.43,49652.144567,377306,0.247489026437264,4766,Positive,1
27-May-2019,8612.54,8908.32,8589,8756.32,51886.768793,478773,0.255039458300856,5132,Positive,1
28-May-2019,8752.52,8798.49,8510.63,8715.64,31470.551534,349123,0.246046925004819,5187,Positive,1
29-May-2019,8716.87,8750,8406.6,8645.68,33880.865922,352317,0.226847353154459,5516,Neutral,0
30-May-2019,8646.5,9074.26,8005,8269.54,70379.998521,617341,0.188984801381691,5211,Negative,-1
31-May-2019,8267.1,8594,8108.5,8555,44727.49162,416525,0.212723460837886,5490,Negative,-1
01-Jun-2019,8555,8626,8442.36,8544.07,31868.234157,348375,0.265894140337987,5444,Positive,1
02-Jun-2019,8545.1,8814.78,8524,8725.98,27835.133265,299353,0.240776230740323,5322,Neutral,0
03-Jun-2019,8726,8800.95,8080.8,8115.82,45692.965104,431252,0.230855329566855,5310,Neutral,0
04-Jun-2019,8115.66,8115.66,7481.02,7687.03,74143.948941,645913,0.204760525342212,5406,Negative,-1
05-Jun-2019,7687.04,7896.7,7572.78,7776.5,48679.656455,426120,0.195147524572259,5494,Negative,-1
06-Jun-2019,7778.08,7868.13,7444.58,7786.7,36624.118747,371485,0.227564943368653,5474,Neutral,0
07-Jun-2019,7787.57,8100,7737.49,7980.53,33942.225658,323096,0.159182530655766,5627,Negative,-1
08-Jun-2019,7978.94,8044.65,7751,7893.62,22657.329634,250864,0.232697728951255,5416,Neutral,0
09-Jun-2019,7895.28,7935,7506.66,7628.13,31568.465157,322175,0.227984848484848,5247,Neutral,0
10-Jun-2019,7627.57,8020,7511,7982.75,36756.078468,387179,0.260938483575248,5236,Positive,1
11-Jun-2019,7981,8010,7692.23,7884.9,30334.999427,309059,0.242256044589659,5203,Neutral,0
12-Jun-2019,7884.9,8200,7788.99,8127.64,41597.082622,361980,0.239725294227537,5353,Neutral,0
13-Jun-2019,8127.64,8309.82,8010.03,8218.54,30467.764341,341246,0.24094046529367,5244,Neutral,0
14-Jun-2019,8216.44,8684.41,8144.32,8650,39835.246255,410072,0.254578957836117,2507,Positive,1
15-Jun-2019,8650.88,8864.99,8567.63,8808.7,31791.636039,335840,0.243599926873857,5470,Positive,1
16-Jun-2019,8810.77,9333,8760,8953.33,63289.251219,552319,0.237736415441176,5440,Neutral,0
17-Jun-2019,8953,9444,8950,9313.96,47895.485374,462160,0.274598339861966,5361,Positive,1
18-Jun-2019,9312.13,9336.36,8950,9081.55,51554.569401,449730,0.228500451997829,5531,Neutral,0
19-Jun-2019,9081.97,9304,8960,9255.49,32147.706495,306202,0.263680298344552,5497,Positive,1
20-Jun-2019,9253.76,9590,9175.2,9517.12,34556.053982,350662,0.22369634424981,3933,Neutral,0
21-Jun-2019,9518.06,10174.99,9518.06,10159.86,50484.415892,474344,0.215204220398593,854,Neutral,0
22-Jun-2019,10159.86,11160,9921.72,10729.5,104169.447976,923334,0.25467999646268,5654,Positive,1
23-Jun-2019,10729,11392.64,10555.18,10906.07,57445.323945,557935,0.233815988630307,5629,Neutral,0
24-Jun-2019,10905.95,11143.63,10620.8,11056.59,43101.045285,440335,0.244469508804449,4316,Positive,1
25-Jun-2019,11056.59,11850,11026,11820.86,61276.686648,597798,0.210464618834081,2229,Negative,-1
26-Jun-2019,11821.28,13970,11741,13093.8,155930.147386,1355074,0.168291169182247,4439,Negative,-1
27-Jun-2019,13098.38,13478.04,10525.1,11329.99,173894.820889,1357233,0.201323868613138,5480,Negative,-1
28-Jun-2019,11329.99,12480,10982.88,12400.63,95795.203964,883116,0.211723016019148,5431,Negative,-1
29-Jun-2019,12407.06,12441.54,11475.02,11903.13,69642.074157,732073,0.251081103896104,1542,Positive,1
30-Jun-2019,11903.13,12180,10766.03,10854.1,84512.530443,711267,0.17225761589404,150,Negative,-1
01-Jul-2019,10854.1,11282.28,10030,10624.93,90962.268271,757458,0.242642151874883,5307,Positive,1
02-Jul-2019,10624.9,10938.75,9727,10842.85,109561.038728,870148,0.217380549916959,5419,Neutral,0
03-Jul-2019,10844.98,11991.89,10841.04,11940,96815.90029,814754,0.19979990081333,5041,Negative,-1
04-Jul-2019,11940,12000,11055,11145.67,66512.221892,643867,0.203647318611987,634,Negative,-1
05-Jul-2019,11145.67,11406.83,10796.44,10970.73,63534.350582,564857,0.232007342192691,3004,Neutral,0
06-Jul-2019,10982.41,11665,10964.51,11256.49,51469.496331,470692,0.238315254237287,5546,Neutral,0
07-Jul-2019,11256.45,11538,11094.37,11406.24,38884.795599,366769,0.22246641915723,5387,Neutral,0
08-Jul-2019,11410,12338.03,11220,12238.6,52182.367215,507860,0.228758914443421,5435,Neutral,0
09-Jul-2019,12238.6,12794.73,12068,12543.41,78442.130343,660273,0.250467458563536,5430,Positive,1
10-Jul-2019,12548.51,13147.08,11569,12108.37,109246.044997,899391,0.22649661936561,2397,Neutral,0
11-Jul-2019,12108.11,12111.73,11000,11342.89,87506.461058,760057,0.206203578828405,5309,Negative,-1
12-Jul-2019,11342.88,11885,11073,11757.22,56321.858281,537561,0.192949217743419,5433,Negative,-1
13-Jul-2019,11757.22,11799.98,10830,11355.76,54245.594548,510305,0.200563868921775,4730,Negative,-1
14-Jul-2019,11355.78,11452,10103,10174.18,72517.579236,649043,0.185378645833333,192,Negative,-1
15-Jul-2019,10174.18,11100,9860,10838.72,81922.426332,732206,0.224553536585366,820,Neutral,0
16-Jul-2019,10833.78,11028,9350.01,9439.59,97219.443413,796646,0.198680424200277,2876,Negative,-1
17-Jul-2019,9430.17,9957,9060,9667.92,84942.672717,757742,0.210377267950964,5710,Negative,-1
18-Jul-2019,9668.86,10788,9252,10627.16,80283.310252,734821,0.20488720764694,4917,Negative,-1
19-Jul-2019,10628.64,10769.71,10121.84,10504.29,56546.932133,567735,0.230966159018987,5056,Neutral,0
20-Jul-2019,10505.78,11068.99,10350,10740.23,47331.899848,461660,0.161668666666667,150,Negative,-1
21-Jul-2019,10740.27,10817.9,10288,10589.45,38834.287935,395452,0.240526720922347,2945,Neutral,0
22-Jul-2019,10590.15,10683.16,10100,10340.31,40467.954839,389565,0.210981762295082,4880,Negative,-1
23-Jul-2019,10343.08,10343.97,9822,9864.91,47624.37071,448147,0.211294915940854,4937,Negative,-1
24-Jul-2019,9864.78,9937,9525,9763.28,43475.380377,424762,0.218063135835396,5249,Neutral,0
25-Jul-2019,9763.4,10175,9720.03,9879.87,37873.354728,368176,0.224846220546654,5305,Neutral,0
26-Jul-2019,9882.15,9889.98,9637,9824,27167.463217,299935,0.304925666482807,5439,Positive,1
27-Jul-2019,9824,10188.66,9333,9476.52,43809.778301,401418,0.246152852285606,5294,Positive,1
28-Jul-2019,9478.92,9594.99,9165,9541.54,29401.022937,271327,0.216620973782772,5340,Neutral,0
29-Jul-2019,9541.54,9729,9395,9507.64,29021.937411,294468,0.227190463762297,4981,Neutral,0
30-Jul-2019,9509.07,9714.28,9402,9574.21,32536.368834,283961,0.223418416490079,5191,Neutral,0
31-Jul-2019,9575,10109.8,9555,10080.53,39515.35456,364212,0.206523291437548,5092,Negative,-1
01-Aug-2019,10080.53,10467.86,9863.46,10374.99,41727.637028,378062,0.206103348819202,5166,Negative,-1
02-Aug-2019,10375,10670,10281.35,10523.75,42990.444221,431322,0.250477817632622,5297,Positive,1
03-Aug-2019,10523.75,10904.77,10497.93,10816.86,33802.318824,348893,0.249273975448537,5295,Positive,1
04-Aug-2019,10816.86,11040,10552,10929.23,39924.745141,353721,0.238922505349155,5141,Neutral,0
05-Aug-2019,10929.99,11937.52,10927.8,11828.8,65153.673713,622610,0.217724847560974,5248,Neutral,0
06-Aug-2019,11830,12330.7,11226.7,11481.69,76705.389875,625827,0.206441064220185,5450,Negative,-1
07-Aug-2019,11481.69,12141.17,11382.84,11975.03,69173.390353,592916,0.184431517580616,5489,Negative,-1
08-Aug-2019,11975.04,12060,11521,11999.77,51207.257174,473584,0.197894832240647,5186,Negative,-1
09-Aug-2019,11994.17,12045.68,11700,11879.99,39427.152588,410902,0.199952739600513,5457,Negative,-1
10-Aug-2019,11879.98,11985,11270,11309.31,42633.087048,399237,0.234227116704806,5244,Neutral,0
11-Aug-2019,11309.24,11600,11112.11,11549.97,26772.90691,306234,0.258537763791187,5402,Positive,1
12-Aug-2019,11539.08,11577.89,11235.32,11396.08,17568.227075,255966,0.205335359525575,5396,Negative,-1
13-Aug-2019,11398.35,11456.16,10788.45,10892.71,33234.72968,337834,0.207166119174943,5236,Negative,-1
14-Aug-2019,10893.36,10897.48,9928.1,10050.37,54451.847499,534507,0.168477388303668,5506,Negative,-1
15-Aug-2019,10055.16,10460,9911,10293.93,38174.45112,373368,0.203900797101449,5520,Negative,-1
16-Aug-2019,10296.77,10536.03,9750,10331.54,51758.142918,504740,0.22470783942435,5281,Neutral,0
17-Aug-2019,10331.15,10465.14,10000,10216.02,29000.581201,332795,0.243872556971804,5178,Positive,1
18-Aug-2019,10216.05,10500,10080,10306.78,24085.395172,265705,0.200407293946023,5484,Negative,-1
19-Aug-2019,10306.17,10930,10258.6,10915.54,37243.319217,337022,0.209559813432835,5360,Negative,-1
20-Aug-2019,10914.73,10949.96,10560,10760.51,32298.921679,305065,0.219026223269301,5518,Neutral,0
21-Aug-2019,10760.51,10804.13,9858,10142.57,47355.719282,458814,0.192141001279006,5473,Negative,-1
22-Aug-2019,10140.82,10242,9762,10099.88,34059.642738,401148,0.213313038674033,5430,Negative,-1
23-Aug-2019,10099.9,10445,10019.79,10389.55,27550.336173,326866,0.21568750919794,5436,Neutral,0
24-Aug-2019,10388.16,10419.42,9890,10134.35,27692.456844,313227,0.214184555411175,5387,Negative,-1
25-Aug-2019,10134.61,10333,9906.97,10142.69,26271.657398,289956,0.234489439853076,5445,Neutral,0
26-Aug-2019,10142.69,10604,10137.93,10372.25,41687.511599,405316,0.178214674122638,5186,Negative,-1
27-Aug-2019,10373.6,10391.08,10051.08,10185.05,28402.775383,292888,0.204918350864012,5324,Negative,-1
28-Aug-2019,10185.69,10299,9601.01,9721,42110.555375,381293,0.209690155728587,5394,Negative,-1
29-Aug-2019,9721,9724,9320,9498.44,35532.69491,343887,0.208302167766258,5305,Negative,-1
30-Aug-2019,9499.01,9696,9350.41,9584.54,26834.318104,259270,0.228893625192013,5208,Neutral,0
31-Aug-2019,9582.76,9684.51,9420.75,9587.47,17130.290074,199188,0.225282366863904,5070,Neutral,0
01-Sep-2019,9588.74,9830,9520,9724.98,19545.404843,191324,0.208060495486844,5207,Negative,-1
02-Sep-2019,9723.59,10450,9712.5,10340,44740.248093,354155,0.211536405437825,5002,Negative,-1
03-Sep-2019,10340,10773,10272,10615.28,47998.376781,416076,0.216251900191939,5210,Neutral,0
04-Sep-2019,10611.85,10799,10369.89,10567.02,43943.889026,383457,0.22978440244368,5238,Neutral,0
05-Sep-2019,10565.92,10900,10450,10564.49,33970.960639,309846,0.210678391595725,5521,Negative,-1
06-Sep-2019,10563.13,10905.87,10150,10298.73,58799.640959,455334,0.201272457054623,5181,Negative,-1
07-Sep-2019,10298.71,10558,10288.57,10455.88,27637.877392,272011,0.240395368946965,5204,Neutral,0
08-Sep-2019,10455.9,10592.5,10208,10381.18,23984.672018,237752,0.227951305403766,4941,Neutral,0
09-Sep-2019,10381.24,10480,10068.5,10303.12,39835.727608,330459,0.225465487757482,5146,Neutral,0
10-Sep-2019,10302.58,10384.99,9953,10098.15,28915.412225,286763,0.207595527156549,5321,Negative,-1
11-Sep-2019,10098.19,10293,9880,10158.33,31953.824562,309120,0.212521657142858,5250,Negative,-1
12-Sep-2019,10158.75,10448.81,10040,10415.01,34511.162755,317881,0.224158691910499,5229,Neutral,0
13-Sep-2019,10415.01,10439,10153,10342.06,30280.339776,304947,0.221728553971487,4910,Neutral,0
14-Sep-2019,10344.13,10419.99,10222.33,10335.02,23621.533519,253929,0.250767750837769,5073,Positive,1
15-Sep-2019,10332.81,10360,10252.15,10302.01,18047.654013,194733,0.243585265031647,5056,Positive,1
16-Sep-2019,10303.34,10355,10078,10251.31,28971.401657,274368,0.214250807235947,5141,Neutral,0
17-Sep-2019,10249.68,10275,10128.01,10187.82,22914.324563,287483,0.239617187811193,5021,Neutral,0
18-Sep-2019,10187.48,10258.02,10100,10156.99,24250.249303,299466,0.229836948321389,5302,Neutral,0
19-Sep-2019,10156.41,10325,9653,10244.29,44826.282579,429727,0.250835871704054,5082,Positive,1
20-Sep-2019,10243.7,10281,10061.39,10168.59,25088.491069,267032,0.230494322805657,5161,Neutral,0
21-Sep-2019,10167.92,10176.7,9900,9986.39,20544.175196,245439,0.248117929393098,5042,Positive,1
22-Sep-2019,9985.15,10089,9853.97,10028.87,22049.275256,253713,0.23721484998101,5266,Neutral,0
23-Sep-2019,10028.05,10049.99,9615.77,9702.25,31937.232356,332817,0.218068949861825,5066,Neutral,0
24-Sep-2019,9702.2,9794.99,7800,8493.14,94007.345203,748712,0.156442292411601,5034,Negative,-1
25-Sep-2019,8497.55,8730,8215.64,8430.05,60783.892258,544806,0.189432067835807,5189,Negative,-1
26-Sep-2019,8430.05,8465.99,7750,8063.73,67930.853749,522062,0.167183840155945,5130,Negative,-1
27-Sep-2019,8063.49,8265,7852.15,8177.91,43882.924625,369518,0.182913088602728,5203,Negative,-1
28-Sep-2019,8177.47,8315,8001.09,8198.81,34473.605165,319113,0.224217751937983,5160,Neutral,0
29-Sep-2019,8199.38,8229.13,7890,8043.82,31544.211388,322501,0.184053105896273,5071,Negative,-1
30-Sep-2019,8043.04,8337.26,7710,8289.34,55865.48726,455556,0.189316502088871,5266,Negative,-1
01-Oct-2019,8289.97,8500,8173.05,8292.44,43479.58742,387712,0.207971604215456,5124,Negative,-1
02-Oct-2019,8292.67,8373.91,8151.22,8359.94,26243.386644,261430,0.207045501730105,5202,Negative,-1
03-Oct-2019,8360,8393,8060,8223.96,30488.284058,281307,0.190106440548781,5248,Negative,-1
04-Oct-2019,8224.43,8232.41,8005,8137.13,26476.330404,259012,0.184665472806519,5277,Negative,-1
05-Oct-2019,8137.09,8183.41,8012.98,8126.19,21907.615564,237769,0.221585291233575,5099,Neutral,0
06-Oct-2019,8127.55,8153.87,7785,7854.25,34676.104049,325795,0.201070484319175,5038,Negative,-1
07-Oct-2019,7855.3,8299.92,7762,8190.09,52202.072297,482605,0.223610901960784,5100,Neutral,0
08-Oct-2019,8190.82,8325,8088.75,8168.39,35452.657423,395685,0.232707184923439,5094,Neutral,0
09-Oct-2019,8170.79,8670,8115,8560.74,55038.704378,537805,0.211241736028538,5046,Negative,-1
10-Oct-2019,8562.15,8644,8414.52,8558.03,39137.946167,406932,0.238532023346303,5140,Neutral,0
11-Oct-2019,8557.82,8779.51,8212.38,8258.5,50405.284418,471818,0.202415190604543,5194,Negative,-1
12-Oct-2019,8257.95,8400,8250,8300.09,21339.334098,280633,0.236979100781101,5249,Neutral,0
13-Oct-2019,8301.98,8451.37,8160,8275.01,27840.739953,320051,0.235607743362831,4972,Neutral,0
14-Oct-2019,8275.24,8388.85,8203,8348.2,29810.663253,345679,0.27339664493865,5216,Positive,1
15-Oct-2019,8346.86,8403,8090,8159.29,32773.062476,399447,0.230061253561254,4914,Neutral,0
16-Oct-2019,8159.3,8181.16,7917,7991.74,34733.593966,421026,0.201094982632188,5182,Negative,-1
17-Oct-2019,7995.02,8124.92,7929.03,8070.58,29656.949158,356490,0.198495376281679,5169,Negative,-1
18-Oct-2019,8070.71,8115,7816.01,7947.01,31353.181416,399783,0.203282778325122,5075,Negative,-1
19-Oct-2019,7946.89,8098.1,7866.92,7948.01,26627.889388,349746,0.227104187537567,4991,Neutral,0
20-Oct-2019,7949.87,8297,7870,8223.35,34286.452654,396091,0.237258692628651,5033,Neutral,0
21-Oct-2019,8223.35,8333,8142.03,8197.27,30448.679539,367169,0.206099900299102,5015,Negative,-1
22-Oct-2019,8197.28,8297.99,8000,8020,34651.828663,384699,0.230707017200939,5116,Neutral,0
23-Oct-2019,8020.06,8047.59,7300,7466.62,63897.457098,610241,0.17134208042288,5297,Negative,-1
24-Oct-2019,7468.47,7503.68,7337.99,7412.41,32714.383265,403778,0.194762038664322,5121,Negative,-1
25-Oct-2019,7412.41,8799,7361,8655.02,90748.218174,775418,0.221241796267496,5144,Neutral,0
26-Oct-2019,8655.88,10370,8470.38,9230,162588.585413,1185369,0.236924899678973,4984,Neutral,0
27-Oct-2019,9230,9794.98,9074.34,9529.93,93833.541604,799978,0.239136480256565,4989,Neutral,0
28-Oct-2019,9528.23,9902.1,9160,9205.14,80174.217323,681128,0.217009700743121,4979,Neutral,0
29-Oct-2019,9204.45,9550,9072,9407.62,64158.462446,559589,0.244854423806671,5007,Positive,1
30-Oct-2019,9407.62,9409.84,9001.01,9154.72,55241.786434,524035,0.236491404186141,4921,Neutral,0
31-Oct-2019,9154.02,9405,8913,9140.85,54376.024902,490183,0.25149973732067,4949,Positive,1
01-Nov-2019,9140.86,9279,9030,9231.61,43594.814115,478002,0.242716487455197,5022,Positive,1
02-Nov-2019,9231.4,9373.74,9186.21,9289.52,28923.060828,325421,0.260403046664095,5186,Positive,1
03-Nov-2019,9289.85,9362.57,9066.14,9194.71,27894.378279,326024,0.213872611089264,5086,Negative,-1
04-Nov-2019,9196.46,9513.68,9115.84,9393.35,45894.456277,453749,0.226442034290117,5191,Neutral,0
05-Nov-2019,9392.4,9454.95,9175.76,9308.66,45935.873665,492885,0.261665732265446,5244,Positive,1
06-Nov-2019,9307.73,9440.91,9250.01,9339.05,37336.170372,402997,0.234400858369099,5126,Neutral,0
07-Nov-2019,9339.16,9375,9101,9216.2,39117.470853,401984,0.233515259314735,5341,Neutral,0
08-Nov-2019,9214,9261,8696,8773.73,62107.289243,567331,0.226096864718404,5167,Neutral,0
09-Nov-2019,8773.74,8880,8724.88,8809.41,29469.481405,326730,0.236869594464732,5203,Neutral,0
10-Nov-2019,8809.18,9147.19,8750,9039.47,34422.029797,375946,0.267706636989074,4942,Positive,1
11-Nov-2019,9040.16,9072.32,8618.68,8733.27,44888.053545,415982,0.223225474774603,5213,Neutral,0
12-Nov-2019,8733.36,8888,8567.6,8821.94,40366.629471,406765,0.230791637487127,4855,Neutral,0
13-Nov-2019,8821.91,8844.99,8702,8777.12,26810.116918,281593,0.201455828692146,5207,Negative,-1
14-Nov-2019,8777.54,8800,8582.6,8646.68,33468.468961,337019,0.224230540387874,5311,Neutral,0
15-Nov-2019,8646.38,8790,8400,8471.73,46087.417751,423919,0.192566660235385,5183,Negative,-1
16-Nov-2019,8471.62,8543,8400,8491.02,20902.299752,231473,0.224726592478895,5212,Neutral,0
17-Nov-2019,8490.74,8635,8350.68,8502.4,27009.037082,259594,0.182975976900866,5195,Negative,-1
18-Nov-2019,8502.87,8503.52,8060,8187.17,43017.69094,366263,0.191271360789523,5269,Negative,-1
19-Nov-2019,8186.5,8218.63,8003,8133.64,43556.061025,357382,0.24298658654778,5159,Positive,1
20-Nov-2019,8133.83,8264.29,8038.4,8098.01,32466.23098,288843,0.224594530945893,5138,Neutral,0
21-Nov-2019,8098.56,8134.73,7500,7627.74,58418.780261,430062,0.207054701962235,5402,Negative,-1
22-Nov-2019,7627.79,7750,6790,7268.23,126603.140259,817604,0.181650370511115,5263,Negative,-1
23-Nov-2019,7268.23,7344.48,7080.01,7311.57,50449.894755,414045,0.229510491027409,5071,Neutral,0
24-Nov-2019,7311.1,7330.39,6861,6903.28,67890.206483,446014,0.193130158094857,4997,Negative,-1
25-Nov-2019,6900.23,7377.69,6515,7109.57,119645.735197,679721,0.207653644035288,5214,Negative,-1
26-Nov-2019,7109.99,7340,7017.48,7156.14,65722.39769,433933,0.245622076138147,5096,Positive,1
27-Nov-2019,7154.75,7655,6840,7508.52,92452.87349,582055,0.237539656872412,5071,Neutral,0
28-Nov-2019,7507.9,7643,7360,7419.49,56933.981109,388953,0.264255445740264,5059,Positive,1
29-Nov-2019,7418.52,7850,7362.3,7739.68,60745.300873,412929,0.230530047505938,5052,Neutral,0
30-Nov-2019,7740.99,7810,7441,7541.89,46989.433619,346506,0.201217637977615,5182,Negative,-1
01-Dec-2019,7540.63,7541.85,7210,7390.89,60769.342313,420573,0.243123291189253,5062,Positive,1
02-Dec-2019,7391.5,7420.56,7151.1,7294.28,46330.25604,326881,0.241399553118017,4923,Neutral,0
03-Dec-2019,7294.42,7400,7241.35,7292.71,33149.477487,265391,0.227104565047021,5104,Neutral,0
04-Dec-2019,7292.71,7750,7067,7194.32,83153.701586,516250,0.229409382284383,5148,Neutral,0
05-Dec-2019,7194.59,7485,7150,7389,59306.678855,430359,0.21528719487795,4998,Neutral,0
06-Dec-2019,7389,7590.03,7305,7527.47,48189.087944,367854,0.235390790513835,5060,Neutral,0
07-Dec-2019,7527.8,7619.62,7470.16,7488.21,31498.684173,263592,0.209558102451663,5017,Negative,-1
08-Dec-2019,7487.31,7564,7374.86,7510.11,29856.897631,257514,0.209989161966156,4964,Negative,-1
09-Dec-2019,7510.11,7650,7273,7338.64,46621.887493,359648,0.223206630280978,4947,Neutral,0
10-Dec-2019,7338.64,7407.6,7157.1,7224.13,49723.76214,439637,0.190216177861874,5285,Negative,-1
11-Dec-2019,7224.15,7275.5,7125.66,7210,30093.091944,268269,0.230252507869884,4765,Neutral,0
12-Dec-2019,7210,7295,7080.3,7198.08,42288.600932,331414,0.233485174069627,4998,Neutral,0
13-Dec-2019,7197.76,7309.05,7190.76,7258.48,27609.873795,252135,0.231167318942909,4957,Neutral,0
14-Dec-2019,7257.37,7271.77,7012,7064.05,29561.985967,276819,0.269345782453505,5323,Positive,1
15-Dec-2019,7064.14,7200.3,7008.35,7118.59,26395.778137,262651,0.205703108211819,5212,Negative,-1
16-Dec-2019,7119.6,7150,6836,6891.72,43863.993059,371202,0.176812187438472,5079,Negative,-1
17-Dec-2019,6891.44,6942.21,6560,6623.82,53865.069929,454097,0.184555488867376,5165,Negative,-1
18-Dec-2019,6623.84,7440,6435,7277.83,95636.651251,714073,0.218249256689791,5045,Neutral,0
19-Dec-2019,7277.83,7380,7038.31,7150.3,55509.049075,439761,0.25565471520181,5302,Positive,1
20-Dec-2019,7151.31,7220,7079.5,7187.83,32132.069205,312766,0.237935126149032,5113,Neutral,0
21-Dec-2019,7188.01,7190.58,7105,7132.75,19467.174028,212162,0.241575892149088,5044,Neutral,0
22-Dec-2019,7131.59,7518.54,7122.47,7501.44,39137.45515,356612,0.264292922241613,5157,Positive,1
23-Dec-2019,7500.71,7695.38,7265.84,7317.09,68051.997203,530669,0.251246460521197,5142,Positive,1
24-Dec-2019,7317.3,7436.68,7157.04,7255.77,43629.494188,384678,0.256178152069296,5195,Positive,1
25-Dec-2019,7255.77,7271.77,7128.86,7204.63,27492.044323,289924,0.327702718376215,5518,Positive,1
26-Dec-2019,7205.01,7435,7157.12,7202,36259.761076,337695,0.222697095983405,5303,Neutral,0
27-Dec-2019,7202,7275.86,7076.42,7254.74,33642.701861,297262,0.255819449225471,5229,Positive,1
28-Dec-2019,7254.77,7365.01,7238.67,7316.14,26848.982199,272607,0.242527706353641,5367,Neutral,0
29-Dec-2019,7315.36,7528.45,7288,7388.24,31387.106085,283213,0.260388457120979,5224,Positive,1
30-Dec-2019,7388.43,7408.24,7220,7246,29605.911782,279033,0.231973669467787,5355,Neutral,0
31-Dec-2019,7246,7320,7145.01,7195.23,25954.453533,251976,0.248096408892267,5263,Positive,1
01-Jan-2020,7195.24,7255,7175.15,7200.85,16792.388165,194010,0.291316248323434,5219,Positive,1
02-Jan-2020,7200.77,7212.5,6924.74,6965.71,31951.483932,302667,0.23237531598513,5380,Neutral,0
03-Jan-2020,6965.49,7405,6871.04,7344.96,68428.500451,519854,0.215706704839306,5414,Neutral,0
04-Jan-2020,7345,7404,7272.21,7354.11,29987.974977,279370,0.20357641527177,5317,Negative,-1
05-Jan-2020,7354.19,7495,7318,7358.75,38331.085604,329209,0.200743853947621,5231,Negative,-1
06-Jan-2020,7357.64,7795.34,7346.76,7758,54635.695316,449937,0.20691338458506,5073,Negative,-1
07-Jan-2020,7758.9,8207.68,7723.71,8145.28,91171.684661,685315,0.256288895173453,5304,Positive,1
08-Jan-2020,8145.92,8455,7870,8055.98,112622.64264,830375,0.227363703294681,5433,Neutral,0
09-Jan-2020,8054.72,8055.96,7750,7817.76,64239.51983,478800,0.253292850476012,5357,Positive,1
10-Jan-2020,7817.74,8199,7672,8197.02,82406.777448,606101,0.234687911669522,5253,Neutral,0
11-Jan-2020,8198.86,8286.34,8003.16,8020.01,54810.032667,469131,0.263506643356643,5148,Positive,1
12-Jan-2020,8020.01,8197,7960,8184.98,38131.494336,350662,0.24338222486144,5052,Positive,1
13-Jan-2020,8184.97,8196,8055.89,8110.34,31159.755683,289144,0.238721016691957,5272,Neutral,0
14-Jan-2020,8110.34,8880,8105.54,8810.01,120399.126742,915328,0.22597038387716,5210,Neutral,0
15-Jan-2020,8814.64,8916.48,8564,8821.41,84816.297606,764048,0.244979880358922,5015,Positive,1
16-Jan-2020,8820.01,8859.81,8586,8720.01,51991.074284,543064,0.240152343596783,5099,Neutral,0
17-Jan-2020,8720.15,9041.65,8672.44,8913.28,70897.737377,676403,0.252641576846308,5010,Positive,1
18-Jan-2020,8913.27,8988.88,8806.38,8915.96,38294.746545,458182,0.224744215885947,4910,Neutral,0
19-Jan-2020,8915.09,9198.98,8466,8701.7,70676.889259,615665,0.16882609000175,5711,Negative,-1
20-Jan-2020,8701.72,8746.99,8521.28,8642.35,38896.639746,385006,0.238673640730067,5205,Neutral,0
21-Jan-2020,8642.35,8789,8488,8736.03,36494.687659,365621,0.24258061515094,5267,Neutral,0
22-Jan-2020,8736.04,8818,8590,8682.36,29080.557138,317424,0.22334014939309,5355,Neutral,0
23-Jan-2020,8682.77,8691.81,8306.39,8404.52,48165.944597,464805,0.186465218246166,5086,Negative,-1
24-Jan-2020,8404.52,8528.02,8238,8439,41687.529529,407271,0.221805208732287,5222,Neutral,0
25-Jan-2020,8438.99,8451.26,8254.9,8340.58,25521.157932,283118,0.212864884915351,5257,Negative,-1
26-Jan-2020,8340.01,8618.13,8293.66,8615,31130.485164,332612,0.206736563139298,5377,Negative,-1
27-Jan-2020,8614.39,9000,8535,8907.57,53973.542996,514196,0.182601143292684,5248,Negative,-1
28-Jan-2020,8907.57,9400,8862.4,9374.21,74584.853765,616678,0.185229140746501,5144,Negative,-1
29-Jan-2020,9375.34,9449.24,9216,9301.53,53864.065122,492545,0.224485582359593,5306,Neutral,0
30-Jan-2020,9301.57,9578,9204.44,9513.21,60626.744259,529570,0.213626995395241,5212,Negative,-1
31-Jan-2020,9511.52,9530.22,9210.01,9352.89,45552.022352,428547,0.22326749327182,5202,Neutral,0
01-Feb-2020,9351.71,9464.53,9281,9384.61,28578.067354,334972,0.223491770914779,5116,Neutral,0
02-Feb-2020,9384.41,9477.03,9120,9331.51,45690.91254,446558,0.264801770538244,4236,Positive,1
03-Feb-2020,9331.59,9618.79,9234,9292.24,50892.133451,492124,0.224404148027654,4918,Neutral,0
04-Feb-2020,9291.35,9350,9093.01,9197.02,53308.175266,528930,0.247742898946547,5126,Positive,1
05-Feb-2020,9197.02,9744.45,9177.22,9612.04,64870.415615,661758,0.255302784910133,5063,Positive,1
06-Feb-2020,9612.03,9862.57,9526.35,9772,64949.706588,682179,0.269623447204969,5152,Positive,1
07-Feb-2020,9772,9885,9730,9813.73,43966.114632,582249,0.248717659869333,5051,Positive,1
08-Feb-2020,9813.87,9940,9667.11,9895.05,43600.843666,514573,0.228755742908153,5041,Neutral,0
09-Feb-2020,9895.04,10166,9880.75,10151.75,43408.475616,536848,0.266893234016139,4833,Positive,1
10-Feb-2020,10151.72,10188,9756,9851.83,59573.084619,690308,0.252915191319247,5253,Positive,1
11-Feb-2020,9851.74,10323.59,9700,10223.08,62422.395224,710170,0.235828684261222,5191,Neutral,0
12-Feb-2020,10223.08,10450,10223.08,10326.46,61008.06393,857655,0.224169617630439,5309,Neutral,0
13-Feb-2020,10325.33,10500,10080,10229.63,79344.358759,932802,0.193832390510949,5480,Negative,-1
14-Feb-2020,10227.78,10381.56,10111.37,10344.36,47038.480173,622310,0.266496999444343,5399,Positive,1
15-Feb-2020,10344.36,10375,9801,9904.72,57657.202947,739781,0.199578432835822,5360,Negative,-1
16-Feb-2020,9904.46,10050,9638.12,9917.27,60023.999537,708070,0.218377859430942,5307,Neutral,0
17-Feb-2020,9910.7,9964.16,9452.67,9706,70261.011901,778058,0.201412181146024,5410,Negative,-1
18-Feb-2020,9706,10250,9576.01,10164.71,70604.124019,723413,0.25163047488226,5096,Positive,1
19-Feb-2020,10164.78,10250,9350,9593.79,55162.586895,588760,0.189053059210525,6080,Negative,-1
20-Feb-2020,9594.65,9699,9400,9596.42,60152.342914,667387,0.173966875108563,5757,Negative,-1
21-Feb-2020,9597.21,9755.51,9550.21,9677.05,42181.554524,470599,0.196370170244263,5404,Negative,-1
22-Feb-2020,9677.05,9709.17,9560.02,9650.86,24636.757623,319961,0.228987298682282,5464,Neutral,0
23-Feb-2020,9650.85,9990,9645,9936.4,37702.089843,441935,0.203302794807067,5546,Negative,-1
24-Feb-2020,9936.4,9990,9473.56,9656.13,55796.59612,589384,0.179208062465952,5507,Negative,-1
25-Feb-2020,9655.52,9675,9250,9315.84,54379.344552,579079,0.198986599038975,5619,Negative,-1
26-Feb-2020,9316.48,9377.44,8633.63,8785.25,92130.345482,871018,0.172746270031314,5429,Negative,-1
27-Feb-2020,8786,8971.77,8531,8823.21,72483.578762,696646,0.18650260707635,5370,Negative,-1
28-Feb-2020,8823.25,8900,8445,8692.91,71155.208977,655727,0.249805834862385,5450,Positive,1
29-Feb-2020,8690.8,8790,8523.55,8523.61,36748.183035,414175,0.212246020900322,4976,Negative,-1
01-Mar-2020,8523.61,8750,8411,8531.88,43892.201779,472019,0.166317608951709,5094,Negative,-1
02-Mar-2020,8530.3,8965.75,8498,8915.24,60401.31773,564535,0.204663775988012,5339,Negative,-1
03-Mar-2020,8911.18,8919.65,8651,8760.07,55154.997282,512762,0.187435610573343,5372,Negative,-1
04-Mar-2020,8760.07,8848.29,8660,8750.87,38696.482578,454817,0.199161455868972,5495,Negative,-1
05-Mar-2020,8750.99,9159.42,8746.54,9054.68,58201.866355,619552,0.219657388724036,5055,Neutral,0
06-Mar-2020,9054.64,9170,8985.5,9131.88,43782.948044,493216,0.232781814603424,5081,Neutral,0
07-Mar-2020,9130.89,9188,8835,8886.66,45422.204525,485400,0.194079096699478,5181,Negative,-1
08-Mar-2020,8885.25,8886.76,8000,8033.31,77537.315166,740741,0.139985562395076,5361,Negative,-1
09-Mar-2020,8034.76,8179.31,7632.01,7929.87,116968.863268,929234,0.142926823876197,5428,Negative,-1
10-Mar-2020,7929.87,8149,7728.01,7894.56,86783.443875,737528,0.179934442038969,5081,Negative,-1
11-Mar-2020,7894.57,7980,7590,7934.52,79942.411172,699401,0.167907564724919,4944,Negative,-1
12-Mar-2020,7934.58,7966.17,4410,4800,261505.608653,1770812,0.0507211622184366,5283,Negative,-1
13-Mar-2020,4800.01,5955,3782.13,5578.6,402201.673764,2309830,0.118263459459459,5550,Negative,-1
14-Mar-2020,5576.05,5640.52,5055.13,5172.06,136910.135974,1106125,0.127646465376966,5531,Negative,-1
15-Mar-2020,5172.48,5940,5093.1,5361.3,139916.146534,1037714,0.116770513538749,5355,Negative,-1
16-Mar-2020,5360.33,5365.42,4442.12,5028.97,227276.92276,1608176,0.137227475201198,5343,Negative,-1
17-Mar-2020,5028.86,5525,4921.45,5312.64,150089.926318,1069217,0.162299925331342,5357,Negative,-1
18-Mar-2020,5312.64,5436.17,5009.37,5393.04,137127.634894,962843,0.159101565483009,5238,Negative,-1
19-Mar-2020,5393.26,6400,5252.53,6162.37,199020.873439,1403608,0.183564691989767,5081,Negative,-1
20-Mar-2020,6162.05,6900,5670,6208.36,219298.329514,1580069,0.163187509682417,5164,Negative,-1
21-Mar-2020,6204.57,6456.98,5860.02,6186.98,128913.668363,990974,0.148145300930321,5267,Negative,-1
22-Mar-2020,6187.04,6407.87,5734.01,5816.19,119115.990527,952259,0.143264085573647,5282,Negative,-1
23-Mar-2020,5816.05,6600,5688,6467.31,164674.215785,1099406,0.172045447203714,4953,Negative,-1
24-Mar-2020,6465.25,6833,6371.33,6744.72,151138.009878,1012669,0.194834533940233,5053,Negative,-1
25-Mar-2020,6744.69,6957.96,6450,6677.43,132155.734989,912179,0.154614427291786,5247,Negative,-1
26-Mar-2020,6677.42,6780,6510,6737.36,83026.555211,668467,0.302070904822109,5537,Positive,1
27-Mar-2020,6737.27,6842.59,6261,6359.11,82914.968354,643631,0.240977722960154,5270,Neutral,0
28-Mar-2020,6359.11,6360,6024,6236.65,93159.693429,725588,0.192236726167869,5266,Negative,-1
29-Mar-2020,6236.65,6266,5866.56,5881.42,63311.627714,496709,0.171548230001956,5113,Negative,-1
30-Mar-2020,5880.5,6599,5857.76,6394.38,118889.549992,784034,0.162627655159404,5301,Negative,-1
31-Mar-2020,6394.45,6523.23,6321.4,6410.44,72337.595259,538231,0.162264000770862,5189,Negative,-1
01-Apr-2020,6412.14,6679.94,6150.11,6642.92,97500.7524,758061,0.176368767069839,5126,Negative,-1
02-Apr-2020,6643.36,7198,6551,6794.09,149299.906871,1101043,0.209155924075925,5005,Negative,-1
03-Apr-2020,6793.86,7048,6602.1,6734.1,104080.276939,840456,0.233305418232153,5057,Neutral,0
04-Apr-2020,6732.97,6990.41,6650.01,6856.99,72990.861139,659051,0.189842667180575,5189,Negative,-1
05-Apr-2020,6857.41,6895.54,6677.52,6772.78,49685.356983,506433,0.214195618402708,5021,Neutral,0
06-Apr-2020,6772.78,7355.14,6765,7329.9,118052.000832,956586,0.209232705192628,4776,Negative,-1
07-Apr-2020,7329.9,7459.69,7077,7197.32,103585.168918,924436,0.210816938898971,4959,Negative,-1
08-Apr-2020,7197.32,7420,7150,7361.28,76059.145838,750516,0.217581390507909,4804,Neutral,0
09-Apr-2020,7360.26,7371.92,7108.08,7283.54,61094.872417,686207,0.185294533631375,4921,Negative,-1
10-Apr-2020,7283.54,7295.75,6739.98,6858.92,104674.623375,949050,0.205967547660312,4616,Negative,-1
11-Apr-2020,6858.92,6944.3,6760,6876.83,45470.293206,484618,0.212725152671755,5240,Negative,-1
12-Apr-2020,6876.84,7177,6780,6903.79,73868.666501,648323,0.195220543806646,4965,Negative,-1
13-Apr-2020,6903.79,6903.79,6575,6837.91,96415.476573,804179,0.201717784835252,5038,Negative,-1
14-Apr-2020,6838.04,6978,6754.28,6868.7,69068.623285,608665,0.214774737660318,5146,Neutral,0
15-Apr-2020,6868.57,6933,6605,6621.24,61571.384994,581374,0.211220526524149,5052,Negative,-1
16-Apr-2020,6621.25,7190,6468.27,7101.94,125009.857539,971163,0.215272905598692,4894,Neutral,0
17-Apr-2020,7101.99,7148.12,6972.98,7027.55,54126.509763,537554,0.22924864267042,4973,Neutral,0
18-Apr-2020,7026.78,7293.08,7014.4,7248.6,49488.542819,494670,0.247340536779323,5030,Positive,1
19-Apr-2020,7248.6,7266.15,7055.6,7120.74,45664.86393,483574,0.228161795606494,5235,Neutral,0
20-Apr-2020,7121.4,7220,6751,6826.83,90149.49137,785174,0.164942183525728,5111,Negative,-1
21-Apr-2020,6828.98,6940,6762,6841.37,60109.710808,555797,0.195804865607218,5097,Negative,-1
22-Apr-2020,6841.36,7156.38,6818,7125.14,61486.377334,508659,0.242973543736604,5133,Positive,1
23-Apr-2020,7125.12,7738,7020,7482.39,102773.569561,881099,0.240751485148513,4949,Neutral,0
24-Apr-2020,7483.96,7615.96,7388,7505,60182.119939,601093,0.217336186186186,5328,Neutral,0
25-Apr-2020,7505,7705,7431.07,7538.67,43874.427726,521943,0.228335790725327,5046,Neutral,0
26-Apr-2020,7539.03,7700,7480,7693.1,50522.616209,554480,0.229621970705725,5257,Neutral,0
27-Apr-2020,7693.1,7792.02,7606,7774.62,65441.339576,637800,0.221036355985694,4753,Neutral,0
28-Apr-2020,7773.51,7780,7659.12,7738.98,46302.752638,499414,0.24547228642179,4846,Positive,1
29-Apr-2020,7738.58,8952.89,7710.05,8778.57,183546.887514,1433128,0.21434360131255,4876,Neutral,0
30-Apr-2020,8778.58,9460,8401,8620,206277.214124,1661554,0.240501082464081,5081,Neutral,0
01-May-2020,8620,9059.18,8613.56,8826.96,91468.815059,865960,0.236114478381594,5042,Neutral,0
02-May-2020,8825.67,9010,8753,8972.05,59002.08755,637884,0.251955559968226,5036,Positive,1
03-May-2020,8972.58,9200,8712,8894.16,90126.065643,877460,0.231222633580148,4997,Neutral,0
04-May-2020,8894.15,8950,8522,8871.96,84418.512331,848802,0.284027091633467,5271,Positive,1
05-May-2020,8871.92,9118.58,8760,9021.83,76480.765342,812543,0.232276478679505,5089,Neutral,0
06-May-2020,9021.36,9395,8906.21,9142.92,105925.30242,1007661,0.198008326709061,5032,Negative,-1
07-May-2020,9143.4,10067,9021,9986.4,147154.611378,1254835,0.229389802001277,4697,Neutral,0
08-May-2020,9986.3,10035.96,9705,9800.01,100683.7964,967816,0.229629945694337,5156,Neutral,0
09-May-2020,9800.02,9914.25,9520,9539.4,81950.679567,839384,0.221361304094703,5153,Neutral,0
10-May-2020,9539.1,9574.83,8117,8722.77,183865.182028,1565771,0.206546287772663,4997,Negative,-1
11-May-2020,8722.77,9168,8200,8561.52,168807.251832,1367382,0.235778228141285,5181,Neutral,0
12-May-2020,8562.04,8978.26,8528.78,8810.79,86522.780066,784859,0.214453297145154,4974,Neutral,0
13-May-2020,8810.99,9398,8792.99,9309.37,92466.274018,869216,0.187787085691187,4948,Negative,-1
14-May-2020,9309.35,9939,9256.76,9791.98,129565.37747,1199530,0.223964114636642,4885,Neutral,0
15-May-2020,9791.97,9845.62,9150,9316.42,115890.761516,1055630,0.228332788542543,5935,Neutral,0
16-May-2020,9315.96,9588,9220,9381.27,59587.627862,692028,0.23017911017758,5237,Neutral,0
17-May-2020,9380.81,9888,9322.1,9680.04,68647.764323,722718,0.248210635464231,5256,Positive,1
18-May-2020,9681.11,9950,9464.23,9733.93,82006.603583,794292,0.248077771428573,5250,Positive,1
19-May-2020,9733.93,9897.21,9474,9775.53,78539.760454,773581,0.250765372549019,5100,Positive,1
20-May-2020,9775.13,9842,9326,9511.43,74923.73809,731189,0.20767159540403,5309,Negative,-1
21-May-2020,9511.43,9578.47,8815,9068.65,108928.780969,951971,0.220829040212442,5272,Neutral,0
22-May-2020,9067.51,9271,8933.52,9170,58943.131024,693694,0.266138917716827,5396,Positive,1
23-May-2020,9170,9307.85,9070,9179.15,43526.296966,512460,0.219007388484968,5089,Neutral,0
24-May-2020,9179.01,9298,8700,8720.34,70379.86645,774088,0.221889014787785,5207,Neutral,0
25-May-2020,8718.14,8979.66,8642.72,8900.35,62833.910949,733557,0.234847916666665,5136,Neutral,0
26-May-2020,8900.35,9017.67,8700,8841.18,58299.770138,678304,0.21617347950429,5245,Neutral,0
27-May-2020,8841,9225,8811.73,9204.07,68910.355514,662850,0.222099609084139,5372,Neutral,0
28-May-2020,9204.07,9625.47,9110,9575.89,74110.787662,738725,0.221960622462787,5173,Neutral,0
29-May-2020,9575.87,9605.26,9330,9427.07,57374.362961,593705,0.214023614597412,5179,Negative,-1
30-May-2020,9426.6,9740,9331.23,9697.72,55665.27254,651290,0.211171694747275,5045,Negative,-1
31-May-2020,9697.72,9700,9381.41,9448.27,48333.786403,651473,0.199302749011487,5311,Negative,-1
01-Jun-2020,9448.27,10380,9421.67,10200.77,76649.12696,826964,0.127260750586396,5116,Negative,-1
02-Jun-2020,10202.71,10228.99,9266,9518.04,108970.773151,1004312,0.20475367744375,5289,Negative,-1
03-Jun-2020,9518.02,9690,9365.21,9666.24,46252.644939,562784,0.195536655592469,5418,Negative,-1
04-Jun-2020,9666.32,9881.63,9450,9789.06,57456.100969,665881,0.206702141368201,5277,Negative,-1
05-Jun-2020,9788.14,9854.75,9581,9621.16,47788.05005,566062,0.36552065698041,6332,Positive,1
06-Jun-2020,9621.17,9735,9531.05,9666.3,32752.950893,435796,0.288935300566414,5473,Positive,1
07-Jun-2020,9666.85,9802,9372.46,9746.99,57952.848385,637766,0.257143644859811,5350,Positive,1
08-Jun-2020,9746.99,9800,9633,9782.01,40664.664125,485139,0.274221765601217,5256,Positive,1
09-Jun-2020,9782,9877,9570,9772.43,46024.001289,551863,0.263823656307129,5470,Positive,1
10-Jun-2020,9772.44,9992.72,9704.18,9885,47130.762982,560909,0.23978894736842,5130,Neutral,0
11-Jun-2020,9885.22,9964,9113,9280.4,94418.98473,966502,0.215607042536113,4984,Neutral,0
12-Jun-2020,9278.88,9557.12,9232.51,9465.13,50119.066932,553203,0.234663483250044,5403,Neutral,0
13-Jun-2020,9464.96,9494.73,9351,9473.34,27759.784851,392763,0.240829050172346,5222,Neutral,0
14-Jun-2020,9473.34,9480.99,9245,9342.1,30055.506608,415568,0.208682428466616,5452,Negative,-1
15-Jun-2020,9342.1,9495,8910.45,9426.02,86107.924707,839521,0.218966274435377,5269,Neutral,0
16-Jun-2020,9426.05,9589,9373.09,9525.59,52052.446927,543481,0.21725415640977,5281,Neutral,0
17-Jun-2020,9526.97,9565,9236.61,9465.14,48046.411152,536158,0.204766899338722,5444,Negative,-1
18-Jun-2020,9465.13,9489,9280,9386.32,37381.953765,475074,0.217576910206358,5379,Neutral,0
19-Jun-2020,9386.32,9438.3,9215.79,9310.23,45330.983673,503484,0.208503259845487,5307,Negative,-1
20-Jun-2020,9310.23,9395,9170.95,9358.95,30329.065384,382778,0.253456223749523,5238,Positive,1
21-Jun-2020,9358.95,9422,9281.54,9294.69,24316.926234,321015,0.227734477527024,5273,Neutral,0
22-Jun-2020,9294.69,9780,9277.09,9685.69,57895.468343,588704,0.24590797485759,5091,Positive,1
23-Jun-2020,9685.69,9720,9577.03,9624.89,41031.02938,474319,0.258206876737718,5395,Positive,1
24-Jun-2020,9624.33,9670,9208,9296.49,61571.561464,572362,0.202274532485058,5187,Negative,-1
25-Jun-2020,9298.33,9340,9009.69,9249.49,55831.619156,536205,0.217309884801189,5382,Neutral,0
26-Jun-2020,9249.49,9298,9045.45,9162.21,50292.298277,510947,0.24142004988488,5212,Neutral,0
27-Jun-2020,9162.21,9196.24,8833,9012,46290.930113,499415,0.185403648109443,5263,Negative,-1
28-Jun-2020,9012,9191,8948.06,9116.35,30688.176421,374404,0.238810996563573,5238,Neutral,0
29-Jun-2020,9116.16,9238,9024.67,9192.56,42120.293261,434299,0.26184378368333,5381,Positive,1
30-Jun-2020,9192.93,9205,9064.89,9138.55,31463.162801,328083,0.238506025248659,5228,Neutral,0
01-Jul-2020,9138.08,9292,9080.1,9232,38488.528699,374832,0.239457629326385,5374,Neutral,0
02-Jul-2020,9231.99,9261.96,8940,9086.54,45725.168076,470292,0.206648343744086,5283,Negative,-1
03-Jul-2020,9086.54,9125,9037.47,9058.26,28943.420177,343189,0.246953795966784,5058,Positive,1
04-Jul-2020,9057.79,9190,9040.04,9135.46,26441.968484,335225,0.265380853135956,5134,Positive,1
05-Jul-2020,9135,9145.24,8893.03,9069.41,34073.653627,384500,0.207902706766917,5320,Negative,-1
06-Jul-2020,9069.41,9375,9055.92,9344.2,54463.132277,533540,0.252833048585159,5619,Positive,1
07-Jul-2020,9342.47,9379.42,9203,9257.39,34587.336678,433481,0.241856807511736,5325,Neutral,0
08-Jul-2020,9257.4,9470,9231,9436.06,56140.517781,652605,0.247834480812642,5316,Positive,1
09-Jul-2020,9436.06,9440.79,9160,9232.43,48044.450645,575491,0.27773706128387,5499,Positive,1
10-Jul-2020,9232.42,9317.48,9125,9288.34,38295.494006,525484,0.27837482771128,5514,Positive,1
11-Jul-2020,9288.34,9299.28,9178.25,9234.03,22561.366,413452,0.232244639537287,4841,Neutral,0
12-Jul-2020,9234.02,9345,9157.5,9302.75,30872.702286,484875,0.234638882575757,5280,Neutral,0
13-Jul-2020,9303.31,9343.82,9200.89,9242.62,42740.069115,642552,0.218926961509992,5404,Neutral,0
14-Jul-2020,9242.61,9279.54,9113,9255.85,45772.552509,613139,0.266491559159603,5426,Positive,1
15-Jul-2020,9255.85,9276.49,9160.57,9197.6,39053.579665,554780,-0.0817425036818865,6790,Negative,-1
16-Jul-2020,9197.6,9226.15,9047.25,9133.72,43375.571191,681807,0.0856714310464303,5772,Negative,-1
17-Jul-2020,9133.72,9186.83,9089.81,9154.32,28054.358741,470991,0.200751582627898,5434,Negative,-1
18-Jul-2020,9154.31,9219.3,9121.1,9170.28,22554.541457,430377,0.213497937411095,5624,Negative,-1
19-Jul-2020,9170.3,9232.27,9101.35,9208.99,26052.019417,440449,0.21888703833978,5686,Neutral,0
20-Jul-2020,9208.99,9221.52,9131,9160.78,35458.764082,557096,0.236060325887953,5462,Neutral,0
21-Jul-2020,9160.78,9437.73,9152.8,9390,60413.582486,782959,0.236741454815364,5389,Neutral,0
22-Jul-2020,9390,9544,9261,9518.16,48815.004107,663029,0.223728428487347,5097,Neutral,0
23-Jul-2020,9518.16,9664,9440.33,9603.27,51856.2335,735371,0.20403317535545,5486,Negative,-1
24-Jul-2020,9603.27,9637,9463.44,9537.8,43931.136205,677725,0.230919806763285,5382,Neutral,0
25-Jul-2020,9538.1,9732.9,9513,9700.42,40679.545416,675222,0.2491142578125,5120,Positive,1
26-Jul-2020,9700.42,10111,9650,9931.54,65279.269319,945611,0.230303922683342,5277,Neutral,0
27-Jul-2020,9931.54,11394.86,9917.21,11029.96,150188.933144,1901088,0.23021017088738,4857,Neutral,0
28-Jul-2020,11029.96,11242.23,10565,10906.27,97267.734187,1475636,0.245480482860302,5426,Positive,1
29-Jul-2020,10906.27,11342.82,10812,11100.53,76838.094233,1127302,0.245538464630226,4976,Positive,1
30-Jul-2020,11100.52,11170,10831,11099.61,60794.826456,879960,0.267770797454136,5342,Positive,1
31-Jul-2020,11099.79,11444,10960,11335.46,70063.660974,971584,0.113456793673614,5564,Negative,-1
01-Aug-2020,11335.46,11861,11220,11801.17,85087.485126,1174252,0.261493368107302,5368,Positive,1
02-Aug-2020,11801.17,12123.46,10518.5,11071.35,97553.077604,1459900,0.257605037552665,5459,Positive,1
03-Aug-2020,11071.36,11473,10936,11219.81,56931.841475,919185,0.250860356049005,5224,Positive,1
04-Aug-2020,11219.68,11414.98,11000,11191.97,58629.113709,863692,0.239850838831291,5305,Neutral,0
05-Aug-2020,11191.99,11780.93,11093,11744.91,74970.256852,964637,0.245543724056137,5059,Positive,1
06-Aug-2020,11744.91,11900,11562.5,11762.46,63529.08502,919918,0.26313973395026,5187,Positive,1
07-Aug-2020,11762.47,11909.94,11322,11594.23,65755.926022,940045,0.278114446640316,5060,Positive,1
08-Aug-2020,11594.36,11808.27,11512,11761.41,41858.16104,779318,0.296497364115616,5501,Positive,1
09-Aug-2020,11761.02,11797.11,11521.97,11681.68,41493.067342,853386,0.305963125481139,5196,Positive,1
10-Aug-2020,11681.69,12067.35,11450,11892.92,84952.337887,1340835,0.281595235487405,5478,Positive,1
11-Aug-2020,11892.9,11935,11125,11392.08,90748.284634,1343979,0.247721266055047,5450,Positive,1
12-Aug-2020,11392.09,11617.52,11150,11564.33,64909.613644,1104096,0.250216335669782,5136,Positive,1
13-Aug-2020,11564.34,11792.96,11270.36,11780,70132.491502,1243382,0.264122488479261,5425,Positive,1
14-Aug-2020,11779.77,11850,11634.03,11760.54,59818.852697,1011746,0.28321008308157,5296,Positive,1
15-Aug-2020,11760.55,11980,11680,11852.4,56237.90505,1018956,0.252280042765504,5612,Positive,1
16-Aug-2020,11852.4,11931.72,11686,11911,41368.236906,790240,0.308403848895225,5612,Positive,1
17-Aug-2020,11910.99,12468,11769.78,12281.13,84734.21154,1210228,0.2626751507159,5308,Positive,1
18-Aug-2020,12281.15,12387.77,11817.93,11945.01,75923.835527,1189390,0.26206768939394,5280,Positive,1
19-Aug-2020,11945.1,12020.08,11561,11754.59,73940.169606,1258060,0.250075347091933,5330,Positive,1
20-Aug-2020,11754.38,11888,11668,11853.55,46085.254351,798027,0.288626704748304,5602,Positive,1
21-Aug-2020,11853.54,11878,11485.81,11531.34,64448.306142,1189668,0.231948294962783,5777,Neutral,0
22-Aug-2020,11531.23,11686,11376.81,11662.96,43678.701646,809328,0.296456652440155,5389,Positive,1
23-Aug-2020,11663.51,11718.07,11514.13,11648.13,37900.00469,627352,0.293699470399091,5287,Positive,1
24-Aug-2020,11648.12,11824.9,11585.09,11748.2,46212.391867,656584,0.295128645732999,5191,Positive,1
25-Aug-2020,11748.19,11767.85,11117.64,11318.42,69590.923272,996668,0.231301911166166,5651,Neutral,0
26-Aug-2020,11318.42,11539.32,11244,11461.43,53998.231231,862654,0.325970733505345,5426,Positive,1
27-Aug-2020,11461.42,11592.2,11125,11330.38,63246.036383,959270,0.279733846446215,5262,Positive,1
28-Aug-2020,11330.38,11542.65,11276.89,11526.91,45953.908365,719985,0.365894136087034,5423,Positive,1
29-Aug-2020,11526.9,11580.02,11417.04,11465.84,32973.7992,611834,0.387439696237487,5794,Positive,1
30-Aug-2020,11465.84,11719,11458,11711.16,43177.879054,756541,0.338994770786122,5737,Positive,1
31-Aug-2020,11711.17,11800.77,11570,11649.51,55353.617744,822062,0.310329275041505,5421,Positive,1
01-Sep-2020,11649.51,12050.85,11515,11921.97,78148.193668,1321492,0.308143864975887,5599,Positive,1
02-Sep-2020,11921.97,11954.57,11160.1,11388.54,87221.845602,1373524,0.277322091093491,5423,Positive,1
03-Sep-2020,11388.54,11462.6,9960.8,10140.85,121950.106015,1611610,0.216571513296347,5227,Neutral,0
04-Sep-2020,10138.29,10627.05,9875.5,10446.25,92733.599113,1434860,0.268393204565407,5695,Positive,1
05-Sep-2020,10446.25,10565.68,9825,10166.69,90001.605568,1476782,0.208666672794117,5440,Negative,-1
06-Sep-2020,10166.69,10347.14,9994.86,10256.2,56368.788815,1053192,0.244651107110709,5555,Positive,1
07-Sep-2020,10255.89,10410.75,9875,10373.44,62620.230676,927363,0.242759820928931,5361,Positive,1
08-Sep-2020,10373.45,10438,9850,10126.65,73491.878418,1048125,0.269859226136155,5479,Positive,1
09-Sep-2020,10126.66,10343,9981.01,10219.2,49347.113776,755560,0.37350156626506,5810,Positive,1
10-Sep-2020,10219.29,10483.35,10070.83,10336.87,58253.75375,851877,0.296496120610407,5439,Positive,1
11-Sep-2020,10336.86,10397.6,10200,10387.89,43830.254467,637869,0.281060268278857,5293,Positive,1
12-Sep-2020,10387.89,10477.97,10269.25,10440.92,35379.153096,577724,0.316782376578646,5226,Positive,1
13-Sep-2020,10440.67,10580.11,10200,10332.83,43837.609865,692439,0.277278926223519,5476,Positive,1
14-Sep-2020,10332.84,10750,10212.34,10671.77,67059.291361,828957,0.288974347246043,5247,Positive,1
15-Sep-2020,10671.77,10930.04,10606.48,10785.31,61822.452786,893852,0.264948352659671,5433,Positive,1
16-Sep-2020,10785.23,11093,10661.22,10954.01,64991.51244,884153,0.282701612903226,5146,Positive,1
17-Sep-2020,10954.01,11045.46,10745.83,10939.99,55601.614529,829137,0.262807242599143,5371,Positive,1
18-Sep-2020,10940,11038.03,10812.84,10933.39,47266.728275,717371,0.446232866242049,6280,Positive,1
19-Sep-2020,10933.4,11179.79,10887.37,11080.65,38440.036858,620127,0.284275889998115,5309,Positive,1
20-Sep-2020,11080.64,11080.64,10723,10920.28,39157.922565,646329,0.256884794372293,5544,Positive,1
21-Sep-2020,10920.28,10988.86,10296.35,10417.22,70683.431179,1028531,0.241857056260656,5279,Neutral,0
22-Sep-2020,10417.22,10572.71,10353,10529.61,43991.235476,738576,0.266620622926649,5426,Positive,1
23-Sep-2020,10529.61,10537.15,10136.82,10241.46,51876.568079,774391,0.244205141287284,5096,Positive,1
24-Sep-2020,10241.46,10795.24,10190.93,10736.32,57676.619427,789282,0.300232192877153,4998,Positive,1
25-Sep-2020,10736.33,10760.53,10556.24,10686.67,48101.117008,733430,0.277634074357991,5218,Positive,1
26-Sep-2020,10686.57,10820.94,10644.68,10728.6,28420.836659,502670,0.279917832101572,5277,Positive,1
27-Sep-2020,10728.59,10799,10594.82,10774.25,30549.483253,516004,0.335473165388825,5478,Positive,1
28-Sep-2020,10774.26,10950,10626,10696.12,50095.251734,686664,0.289220549260611,5207,Positive,1
29-Sep-2020,10696.11,10867.54,10635.87,10840.48,41874.898399,587576,0.289021037408406,5186,Positive,1
30-Sep-2020,10840.58,10849.34,10665.13,10776.59,39596.027322,595383,0.435510591685347,5797,Positive,1
01-Oct-2020,10776.59,10920,10437,10619.13,60866.332893,794855,0.370735975609755,6068,Positive,1
02-Oct-2020,10619.13,10664.64,10374,10570.4,50130.393705,777193,0.458963087572423,6212,Positive,1
03-Oct-2020,10570.4,10603.56,10496.46,10542.06,22298.221341,381329,0.377882859200578,5554,Positive,1
04-Oct-2020,10542.07,10696.87,10517.87,10666.63,23212.001595,377553,0.319840911577029,5485,Positive,1
05-Oct-2020,10666.62,10798,10615.64,10792.21,34025.761653,483340,0.30560824509634,5761,Positive,1
06-Oct-2020,10792.2,10800,10525,10599.66,48674.740471,734526,0.253434195997245,5796,Positive,1
07-Oct-2020,10599.65,10681.87,10546.17,10666.39,32811.990279,503440,0.359445228873242,5680,Positive,1
08-Oct-2020,10666.4,10950,10530.41,10925.57,51959.691572,659291,0.392595993701888,5716,Positive,1
09-Oct-2020,10925.44,11104.64,10829,11050.64,48240.073237,635681,0.374080728014966,5879,Positive,1
10-Oct-2020,11050.64,11491,11050.51,11293.22,43648.036943,698561,0.377828066121577,5626,Positive,1
11-Oct-2020,11293.22,11445,11221,11369.02,29043.851339,509714,0.343547724790678,5494,Positive,1
12-Oct-2020,11369.02,11720.01,11172,11528.25,52825.28371,740823,0.31269558030902,5566,Positive,1
13-Oct-2020,11528.24,11557,11300,11420.56,42205.283709,618262,0.308458262443441,5525,Positive,1
14-Oct-2020,11420.57,11547.98,11280,11417.89,41415.106015,590025,0.308446142377935,5366,Positive,1
15-Oct-2020,11417.89,11617.34,11250.83,11505.12,48760.717679,662386,0.402896242527748,5855,Positive,1
16-Oct-2020,11505.13,11541.15,11200,11319.32,48797.749502,693210,0.395272117647056,5950,Positive,1
17-Oct-2020,11319.24,11402.42,11255,11360.2,22368.915241,365973,0.366564140611203,5661,Positive,1
18-Oct-2020,11360.31,11505,11346.22,11503.14,23284.041191,346946,0.373846122664785,5674,Positive,1
19-Oct-2020,11503.14,11823.99,11407.96,11751.47,47414.534692,650960,0.299618068077276,5435,Positive,1
20-Oct-2020,11751.46,12038.38,11677.59,11909.99,62134.750663,906111,0.253044546417227,5666,Positive,1
21-Oct-2020,11910,13217.68,11886.95,12780.96,114584.456767,1453620,0.344866232522505,5221,Positive,1
22-Oct-2020,12780.75,13185,12678.08,12968.52,70038.824144,1035811,0.303046907966534,5498,Positive,1
23-Oct-2020,12968.84,13027.69,12720.08,12923.07,50386.999841,699313,0.343690883824348,5397,Positive,1
24-Oct-2020,12923.06,13166.73,12870,13111.73,35952.20907,536821,0.311455968364908,5437,Positive,1
25-Oct-2020,13111.73,13350,12888,13028.83,38481.579504,610498,0.299518067075371,5546,Positive,1
26-Oct-2020,13029.64,13238.81,12765,13052.19,60951.672986,818144,0.286357242864836,5571,Positive,1
27-Oct-2020,13052.15,13789.29,13019.87,13636.17,80811.01945,1003615,0.277909350356741,5326,Positive,1
28-Oct-2020,13636.16,13859.48,12888,13266.4,94440.561226,1234511,0.292305624421831,5405,Positive,1
29-Oct-2020,13266.4,13642.91,12920.77,13455.7,74872.602132,1008433,0.309715919941241,5446,Positive,1
30-Oct-2020,13455.69,13669.98,13115,13560.1,70657.778881,1060387,0.298389596445761,5402,Positive,1
31-Oct-2020,13560.1,14100,13411.5,13791,67339.238515,1022202,0.333744475291505,5403,Positive,1
01-Nov-2020,13791,13895,13603,13761.5,36285.648526,606248,0.33444135770235,5745,Positive,1
02-Nov-2020,13761.49,13830,13195.05,13549.37,64566.421908,869850,0.335829703147354,5592,Positive,1
03-Nov-2020,13549.63,14066.11,13284.99,14023.53,74115.630787,1052569,0.316481847805253,5217,Positive,1
04-Nov-2020,14023.53,14259,13525,14144.01,93016.988262,1212959,0.318451083761938,5444,Positive,1
05-Nov-2020,14144.01,15750,14093.56,15590.02,143741.522673,1736055,0.262184205251553,4989,Positive,1
06-Nov-2020,15590.02,15960,15166,15579.92,122618.197695,1654968,0.283248793264732,5345,Positive,1
07-Nov-2020,15579.93,15753.52,14344.22,14818.3,101431.206553,1557021,0.312121860124496,5462,Positive,1
08-Nov-2020,14818.3,15650,14703.88,15475.1,65547.178574,998773,0.332209147982062,5575,Positive,1
09-Nov-2020,15475.1,15840,14805.54,15328.41,108976.334134,1505441,0.308916933139534,5504,Positive,1
10-Nov-2020,15328.41,15460,15072.46,15297.21,61681.919606,1093466,0.311565218185137,5477,Positive,1
11-Nov-2020,15297.21,15965,15272.68,15684.24,78469.746458,1247167,0.249120351526364,5405,Positive,1
12-Nov-2020,15684.25,16340.7,15440.64,16291.86,102196.356592,1472049,0.307672521453351,5477,Positive,1
13-Nov-2020,16291.85,16480,15952.35,16320.7,75691.881014,1208773,0.277271658347199,5409,Positive,1
14-Nov-2020,16320.04,16326.99,15670,16070.45,59116.347179,931424,0.270358542348236,5502,Positive,1
15-Nov-2020,16069.56,16180,15774.72,15957,43596.841513,854441,0.268165421232261,5567,Positive,1
16-Nov-2020,15957,16880,15864,16713.57,81300.675924,1202386,0.239687456188895,5421,Neutral,0
17-Nov-2020,16713.08,17858.82,16538,17659.38,115221.403102,1646652,0.244213698881349,5453,Positive,1
18-Nov-2020,17659.38,18476.93,17214.45,17776.12,149019.788134,2091832,0.227328927546628,5576,Neutral,0
19-Nov-2020,17777.75,18179.8,17335.65,17802.82,93009.561008,1513304,0.235903259707873,5614,Neutral,0
20-Nov-2020,17802.81,18815.22,17740.04,18655.67,88423.018489,1444692,0.262675104048429,5286,Positive,1
21-Nov-2020,18655.66,18965.9,18308.58,18703.8,75577.458394,1451352,0.236482759869612,5522,Neutral,0
22-Nov-2020,18703.8,18750,17610.86,18414.43,81645.737778,1528524,0.244350490808495,5603,Positive,1
23-Nov-2020,18413.88,18766,18000,18368,82961.506093,1629379,0.264900759768451,5528,Positive,1
24-Nov-2020,18368.01,19418.97,18018,19160.01,113581.509241,2179862,0.252307307837939,5282,Positive,1
25-Nov-2020,19160,19484.21,18500.27,18719.11,93266.576887,1785408,0.235692613029548,5618,Neutral,0
26-Nov-2020,18718.83,18915.03,16188,17149.47,181005.246693,2770483,0.24707520318174,5783,Positive,1
27-Nov-2020,17149.47,17457.62,16438.08,17139.52,85297.024787,1572299,0.241493792365322,5606,Neutral,0
28-Nov-2020,17139.53,17880.49,16865.56,17719.85,64910.69997,1209385,0.247826703096539,5490,Positive,1
29-Nov-2020,17719.84,18360.05,17517,18184.99,55329.016303,1141289,0.28393371266003,5624,Positive,1
30-Nov-2020,18185,19863.16,18184.99,19695.87,115463.466888,1744149,0.247535564933819,5213,Positive,1
01-Dec-2020,19695.87,19888,18001.12,18764.96,127698.762652,2023802,0.258612209802235,5815,Positive,1
02-Dec-2020,18764.96,19342,18330,19204.09,75911.013478,1566635,0.293089180672268,5712,Positive,1
03-Dec-2020,19204.08,19598,18867.2,19421.9,66689.391279,1242229,0.268938097876269,5415,Positive,1
04-Dec-2020,19422.34,19527,18565.31,18650.52,71283.6682,1286657,0.23270496183206,5502,Neutral,0
05-Dec-2020,18650.51,19177,18500,19147.66,42922.748573,932124,0.26291135008133,5533,Positive,1
06-Dec-2020,19147.66,19420,18857,19359.4,37043.091861,820382,0.262376585193056,5646,Positive,1
07-Dec-2020,19358.67,19420.91,18902.88,19166.9,41372.296293,840954,0.292079424818037,5633,Positive,1
08-Dec-2020,19166.9,19294.84,18200,18324.11,61626.947614,1143181,0.245456393744251,5435,Positive,1
09-Dec-2020,18324.11,18639.57,17650,18541.28,79585.553801,1302476,0.273135010783609,5564,Positive,1
10-Dec-2020,18541.29,18557.32,17911.12,18254.63,52890.675094,891151,0.256871121157324,5530,Positive,1
11-Dec-2020,18254.81,18292.73,17572.33,18036.53,72610.724259,1117810,0.270488757602085,5755,Positive,1
12-Dec-2020,18036.53,18948.66,18020.7,18808.69,49519.978432,891810,0.262546690265487,5650,Positive,1
13-Dec-2020,18808.69,19411,18711.12,19174.99,56560.821744,938022,0.268678936865021,5512,Positive,1
14-Dec-2020,19174.99,19349,19000,19273.14,47257.201294,842382,0.263130672193187,5549,Positive,1
15-Dec-2020,19273.69,19570,19050,19426.43,61834.366011,1046423,0.256260105355575,5695,Positive,1
16-Dec-2020,19426.43,21560,19278.6,21335.52,114306.33557,1659135,0.259681439608064,5307,Positive,1
17-Dec-2020,21335.52,23800,21230,22797.16,184882.476748,2795084,0.285827762408462,6145,Positive,1
18-Dec-2020,22797.15,23285.18,22350,23107.39,79646.134315,1613775,0.240007222035605,5954,Neutral,0
19-Dec-2020,23107.39,24171.47,22750,23821.61,86045.064677,1678611,0.290670962812023,5889,Positive,1
20-Dec-2020,23821.6,24295,23060,23455.52,76690.145685,1743225,0.250228640945429,5754,Positive,1
21-Dec-2020,23455.54,24102.77,21815,22719.71,88030.297243,1593949,0.253748466257669,5705,Positive,1
22-Dec-2020,22719.88,23837.1,22353.4,23810.79,87033.12616,1496277,0.248048981687489,5843,Positive,1
23-Dec-2020,23810.79,24100,22600,23232.76,119047.259733,2194611,0.202753186400137,5853,Negative,-1
24-Dec-2020,23232.39,23794.43,22703.42,23729.2,69013.834252,1421257,0.286866818102394,5723,Positive,1
25-Dec-2020,23728.99,24789.86,23433.6,24712.47,79519.943569,1504426,0.309843340270552,5766,Positive,1
26-Dec-2020,24712.47,26867.03,24500,26493.39,97806.513386,1735574,0.228669962982548,5673,Neutral,0
27-Dec-2020,26493.4,28422,25700,26281.66,148455.586214,2438493,0.226363452540106,5984,Neutral,0
28-Dec-2020,26281.54,27500,26101,27079.41,79721.742496,1508204,0.220631164850136,5872,Neutral,0
29-Dec-2020,27079.42,27410,25880,27385,69411.592606,1605166,0.222670647109578,5795,Neutral,0
30-Dec-2020,27385,28996,27320,28875.54,95356.057826,1916095,0.241118597945575,5549,Neutral,0
31-Dec-2020,28875.55,29300,27850,28923.63,75508.505152,1552793,0.320068770254134,5863,Positive,1
01-Jan-2021,28923.63,29600,28624.57,29331.69,54182.925011,1314910,0.23122694002033,5902,Neutral,0
02-Jan-2021,29331.7,33300,28946.53,32178.33,129993.873362,2245922,0.211979371889479,5827,Negative,-1
03-Jan-2021,32176.45,34778.11,31962.99,33000.05,120957.56675,2369698,0.240132548476454,5776,Neutral,0
04-Jan-2021,33000.05,33600,28130,31988.71,140899.88569,2642408,0.24760164327285,5842,Positive,1
05-Jan-2021,31989.75,34360,29900,33949.53,116049.997038,2526851,0.273348879325803,5577,Positive,1
06-Jan-2021,33949.53,36939.21,33288,36769.36,127139.20131,2591783,0.199140224111282,5176,Negative,-1
07-Jan-2021,36769.36,40365,36300,39432.28,132825.700437,2814686,0.247684530778784,5637,Positive,1
08-Jan-2021,39432.48,41950,36500,40582.81,139789.957499,2925632,0.250841033434651,5922,Positive,1
09-Jan-2021,40586.96,41380,38720,40088.22,75785.979675,1998156,0.250228061681907,5577,Positive,1
10-Jan-2021,40088.22,41350,35111.11,38150.02,118209.544503,2628050,0.239325625660909,5674,Neutral,0
11-Jan-2021,38150.02,38264.74,30420,35404.47,251156.138287,4472957,0.166080783101495,5823,Negative,-1
12-Jan-2021,35410.37,36628,32531,34051.24,133948.151996,2674145,0.209300329517861,5766,Negative,-1
13-Jan-2021,34049.15,37850,32380,37371.38,124477.914938,2514289,0.169687697160882,5706,Negative,-1
14-Jan-2021,37371.38,40100,36701.23,39144.5,102950.389421,2297466,0.172549750747754,6018,Negative,-1
15-Jan-2021,39145.21,39747.76,34408,36742.22,118300.920916,2560801,0.218920013922728,5746,Neutral,0
16-Jan-2021,36737.43,37950,35357.8,35994.98,86348.431508,2066363,0.218484225401872,5661,Neutral,0
17-Jan-2021,35994.98,36852.5,33850,35828.61,80157.727384,1860642,0.233887750172532,5796,Neutral,0
18-Jan-2021,35824.99,37469.83,34800,36631.27,70698.11875,1707766,0.201465379912663,5725,Negative,-1
19-Jan-2021,36622.46,37850,35844.06,35891.49,79611.307769,1939371,0.229743841950406,7137,Neutral,0
20-Jan-2021,35901.94,36415.31,33400,35468.23,89368.422918,2234539,0.251970060305073,5638,Positive,1
21-Jan-2021,35468.23,35600,30071,30850.13,135004.076658,2881505,0.174420981985165,5662,Negative,-1
22-Jan-2021,30851.99,33826.53,28850,32945.17,142971.684049,2707810,0.238540024183796,5789,Neutral,0
23-Jan-2021,32950,33456,31390.16,32078,64595.287675,1700056,0.23147489871411,5677,Neutral,0
24-Jan-2021,32078,33071,30900,32259.9,57978.037966,1528287,0.238614910638298,5875,Neutral,0
25-Jan-2021,32259.45,34875,31910,32254.2,88499.226921,2106548,0.222539097605892,5430,Neutral,0
26-Jan-2021,32254.19,32921.88,30837.37,32467.77,84972.20691,2010392,0.250943848190644,5665,Positive,1
27-Jan-2021,32464.01,32557.29,29241.72,30366.15,95911.961711,2065953,0.217969581618654,5832,Neutral,0
28-Jan-2021,30362.19,33783.98,29842.1,33364.86,92621.145617,2060660,0.240027371611981,5608,Neutral,0
29-Jan-2021,33368.18,38531.9,31915.4,34252.2,231827.005626,4403349,0.258168627450979,5661,Positive,1
30-Jan-2021,34246.28,34933,32825,34262.88,84889.68134,2201040,0.252777225042302,5910,Positive,1
31-Jan-2021,34262.89,34342.69,32171.67,33092.98,68742.280384,1707064,0.248944450489662,5514,Positive,1
01-Feb-2021,33092.97,34717.27,32296.16,33526.37,82718.276882,1810492,0.265410326086958,5888,Positive,1
02-Feb-2021,33517.09,35984.33,33418,35466.24,78056.65988,1789672,0.279057963219986,5764,Positive,1
03-Feb-2021,35472.71,37662.63,35362.38,37618.87,80784.333663,1881740,0.276411752915451,5488,Positive,1
04-Feb-2021,37620.26,38708.27,36161.95,36936.66,92080.735898,2211866,0.287363913419911,5775,Positive,1
05-Feb-2021,36936.65,38310.12,36570,38290.24,66681.334275,1853253,0.204644716516023,6085,Negative,-1
06-Feb-2021,38289.32,40955.51,38215.94,39186.94,98757.311183,2291646,0.254039014009576,5639,Positive,1
07-Feb-2021,39181.01,39700,37351,38795.69,84363.679763,1976357,0.266582385976855,5876,Positive,1
08-Feb-2021,38795.69,46794.45,37988.89,46374.87,138597.536914,3230961,0.218208858501783,5046,Neutral,0
09-Feb-2021,46374.86,48142.19,44961.09,46420.42,115499.861712,3119034,0.233823852401129,5664,Neutral,0
10-Feb-2021,46420.42,47310,43727,44807.58,97154.1822,2891592,0.220248224043716,5856,Neutral,0
11-Feb-2021,44807.58,48678.9,43994.02,47969.51,89561.081454,2570949,0.218732267803231,5631,Neutral,0
12-Feb-2021,47968.66,48985.8,46125,47287.6,85870.035697,2418841,0.248520168645672,5811,Positive,1
13-Feb-2021,47298.15,48150,46202.53,47153.69,63768.097399,2058823,0.256461760111091,5761,Positive,1
14-Feb-2021,47156.78,49707.43,47014.17,48577.79,73735.475533,2090070,0.240953017019081,5817,Neutral,0
15-Feb-2021,48580.47,49010.92,45570.79,47911.1,79398.156784,2313155,0.24637670648464,5860,Positive,1
16-Feb-2021,47911.1,50689.18,47003.62,49133.45,88813.266298,2199849,0.270871879407616,5672,Positive,1
17-Feb-2021,49133.45,52618.74,48947,52119.71,85743.637818,2514374,0.248385160957134,5809,Positive,1
18-Feb-2021,52117.67,52530,50901.9,51552.6,60758.046954,1891592,0.239799274611399,5790,Neutral,0
19-Feb-2021,51552.61,56368,50710.2,55906,79659.77802,2339215,0.247739880087208,5504,Positive,1
20-Feb-2021,55906,57700.46,53863.93,55841.19,80948.205314,2642846,0.235399441535776,5730,Neutral,0
21-Feb-2021,55841.19,58352.8,55477.59,57408.57,58166.708511,1950533,0.251636086810228,5944,Positive,1
22-Feb-2021,57412.35,57508.47,47622,54087.67,134019.434944,3313083,0.24214087240254,5823,Neutral,0
23-Feb-2021,54087.67,54183.59,44892.56,48891,169375.025051,3825196,0.322970323534243,6089,Positive,1
24-Feb-2021,48891,51374.99,46988.69,49676.2,91881.209252,2194532,0.334339186158284,6242,Positive,1
25-Feb-2021,49676.21,52041.73,46674.34,47073.73,83310.673121,2305679,0.282383788338388,5934,Positive,1
26-Feb-2021,47073.73,48424.11,44106.78,46276.87,109423.200663,2371766,0.268645950128978,5815,Positive,1
27-Feb-2021,46276.88,48394,45000,46106.43,66060.834292,1757720,0.239187709991156,5655,Neutral,0
28-Feb-2021,46103.67,46638.46,43000,45135.66,83055.369042,1838345,0.274421942697413,5724,Positive,1
01-Mar-2021,45134.11,49790,44950.53,49587.03,85086.111648,2147223,0.255356249999999,5664,Positive,1
02-Mar-2021,49595.76,50200,47047.6,48440.65,64221.06214,1855583,0.2965153963157,5917,Positive,1
03-Mar-2021,48436.61,52640,48100.71,50349.37,81035.913705,2242131,0.302626204138411,5751,Positive,1
04-Mar-2021,50349.37,51773.88,47500,48374.09,82649.716829,2291936,0.287159824467132,5583,Positive,1
05-Mar-2021,48374.09,49448.93,46300,48751.71,78192.496372,2054216,0.27306203821656,5495,Positive,1
06-Mar-2021,48746.81,49200,47070,48882.2,44399.234242,1476474,0.257333136094672,5746,Positive,1
07-Mar-2021,48882.2,51450.03,48882.2,50971.75,55235.028032,1758101,0.309112907117007,5803,Positive,1
08-Mar-2021,50959.11,52402.78,49274.67,52375.17,66987.359664,1999401,0.295768552774755,5514,Positive,1
09-Mar-2021,52375.18,54895,51789.41,54884.5,71656.737076,2194398,0.252814729613733,5825,Positive,1
10-Mar-2021,54874.67,57387.69,53005,55851.59,84749.238943,2647284,0.263506679356291,5779,Positive,1
11-Mar-2021,55851.59,58150,54272.82,57773.16,81914.812859,2509970,0.27726577994933,5526,Positive,1
12-Mar-2021,57773.15,58081.51,54962.84,57221.72,73405.406047,2489931,0.259313169088974,5642,Positive,1
13-Mar-2021,57221.72,61844,56078.23,61188.39,83245.091346,2559002,0.287359276352224,5417,Positive,1
14-Mar-2021,61188.38,61724.79,58966.78,58968.31,52601.05275,1829769,0.24204682685253,5452,Neutral,0
15-Mar-2021,58976.08,60633.43,54600,55605.2,102771.427298,2683815,0.266912776230268,5385,Positive,1
16-Mar-2021,55605.2,56938.29,53271.34,56900.75,77986.694355,2241208,0.271824487155793,5411,Positive,1
17-Mar-2021,56900.74,58974.73,54123.69,58912.97,70421.620841,2204296,0.303403201746406,5497,Positive,1
18-Mar-2021,58912.97,60129.97,57023,57648.16,66580.406675,2040947,0.308419772844603,5811,Positive,1
19-Mar-2021,57641,59468,56270.74,58030.01,52392.652961,1885830,0.346892212447046,6138,Positive,1
20-Mar-2021,58030.01,59880,57820.17,58102.28,44476.941776,1724131,0.278630653786442,5797,Positive,1
21-Mar-2021,58100.02,58589.1,55450.11,57351.56,48564.470274,1773546,0.298837446491718,5373,Positive,1
22-Mar-2021,57351.56,58430.73,53650,54083.25,62581.626169,1927345,0.260226952587055,5083,Positive,1
23-Mar-2021,54083.25,55830.9,53000,54340.89,59789.365427,1740349,0.273203269706607,5658,Positive,1
24-Mar-2021,54342.8,57200,51700,52303.65,83537.465021,2401988,0.288444426580922,5598,Positive,1
25-Mar-2021,52303.66,53287,50427.56,51293.78,87400.534538,2099425,0.352400848176422,5895,Positive,1
26-Mar-2021,51293.78,55073.46,51214.6,55025.59,63813.774692,1773150,0.318755290401823,5699,Positive,1
27-Mar-2021,55025.59,56700.36,53950,55817.14,50105.475055,1528776,0.30326195895844,5799,Positive,1
28-Mar-2021,55817.14,56559.75,54691.84,55777.63,39050.387511,1551283,0.296257992237119,5668,Positive,1
29-Mar-2021,55777.65,58405.82,54800.01,57635.47,67857.937398,1983437,0.325647138163586,5783,Positive,1
30-Mar-2021,57635.46,59368,57071.35,58746.57,55122.443122,1612744,0.320228041756661,5556,Positive,1
31-Mar-2021,58746.57,59800,56769,58740.55,60975.542666,1928224,0.377845357611547,6096,Positive,1
01-Apr-2021,58739.46,59490,57935.45,58720.44,47415.61722,1594431,0.317815340613622,5769,Positive,1
